ISO-10303-21;
HEADER;
FILE_DESCRIPTION (( 'STEP AP214' ),
    '1' );
FILE_NAME ('ENV-45-pH.STEP',
    '2020-12-04T18:23:11',
    ( '' ),
    ( '' ),
    'SwSTEP 2.0',
    'SolidWorks 2020',
    '' );
FILE_SCHEMA (( 'AUTOMOTIVE_DESIGN' ));
ENDSEC;

DATA;
#1 = DIRECTION ( 'NONE',  ( -0.0000000000000000000, -0.0000000000000000000, -1.000000000000000000 ) ) ;
#2 = EDGE_CURVE ( 'NONE', #682, #1129, #714, .T. ) ;
#3 = DIRECTION ( 'NONE',  ( 0.9586959294355099637, 0.0000000000000000000, 0.2844329708099674336 ) ) ;
#4 = EDGE_CURVE ( 'NONE', #1030, #184, #1169, .T. ) ;
#5 = CARTESIAN_POINT ( 'NONE',  ( 20.46057797615640439, 0.3731120509530387874, 6.577827698372168186 ) ) ;
#6 = ORIENTED_EDGE ( 'NONE', *, *, #493, .F. ) ;
#7 = CIRCLE ( 'NONE', #301, 6.000000000000000000 ) ;
#8 = LINE ( 'NONE', #466, #448 ) ;
#9 = FILL_AREA_STYLE ('',( #559 ) ) ;
#10 = SURFACE_SIDE_STYLE ('',( #316 ) ) ;
#11 = DIRECTION ( 'NONE',  ( 0.0000000000000000000, 1.000000000000000000, 0.0000000000000000000 ) ) ;
#12 =( GEOMETRIC_REPRESENTATION_CONTEXT ( 3 ) GLOBAL_UNCERTAINTY_ASSIGNED_CONTEXT ( ( #90 ) ) GLOBAL_UNIT_ASSIGNED_CONTEXT ( ( #901, #1339, #59 ) ) REPRESENTATION_CONTEXT ( 'NONE', 'WORKASPACE' ) );
#13 = DIRECTION ( 'NONE',  ( 1.000000000000000000, 0.0000000000000000000, 0.0000000000000000000 ) ) ;
#14 = EDGE_LOOP ( 'NONE', ( #965, #501, #1090, #27, #89 ) ) ;
#15 =( NAMED_UNIT ( * ) SI_UNIT ( $, .STERADIAN. ) SOLID_ANGLE_UNIT ( ) );
#16 = CARTESIAN_POINT ( 'NONE',  ( 14.46057797615640084, 0.3731120509530387874, 12.00000000000000000 ) ) ;
#17 = DIRECTION ( 'NONE',  ( -1.000000000000000000, 0.0000000000000000000, 0.0000000000000000000 ) ) ;
#18 = AXIS2_PLACEMENT_3D ( 'NONE', #154, #1250, #1333 ) ;
#19 = DIRECTION ( 'NONE',  ( 0.0000000000000000000, 1.360970482009174558E-16, -1.000000000000000000 ) ) ;
#20 = ADVANCED_FACE ( 'NONE', ( #625 ), #1053, .F. ) ;
#21 = ORIENTED_EDGE ( 'NONE', *, *, #116, .T. ) ;
#22 = CARTESIAN_POINT ( 'NONE',  ( 14.46057797615640084, 0.3731120509530387874, 0.0000000000000000000 ) ) ;
#23 = DIRECTION ( 'NONE',  ( 1.000000000000000000, 0.0000000000000000000, 0.0000000000000000000 ) ) ;
#24 = DIRECTION ( 'NONE',  ( -1.000000000000000000, 0.0000000000000000000, 0.0000000000000000000 ) ) ;
#25 = PRESENTATION_LAYER_ASSIGNMENT (  '', '', ( #628 ) ) ;
#26 = AXIS2_PLACEMENT_3D ( 'NONE', #1134, #1017, #160 ) ;
#27 = ORIENTED_EDGE ( 'NONE', *, *, #107, .F. ) ;
#28 = EDGE_CURVE ( 'NONE', #422, #1030, #541, .T. ) ;
#29 =( NAMED_UNIT ( * ) SI_UNIT ( $, .STERADIAN. ) SOLID_ANGLE_UNIT ( ) );
#30 = CARTESIAN_POINT ( 'NONE',  ( -0.01353502573960291624, -1.792004222581098608E-16, 146.0000000000000284 ) ) ;
#31 = FILL_AREA_STYLE_COLOUR ( '', #650 ) ;
#32 = PRESENTATION_LAYER_ASSIGNMENT (  '', '', ( #1245 ) ) ;
#33 = VERTEX_POINT ( 'NONE', #746 ) ;
#34 =( LENGTH_UNIT ( ) NAMED_UNIT ( * ) SI_UNIT ( .MILLI., .METRE. ) );
#35 = ORIENTED_EDGE ( 'NONE', *, *, #854, .T. ) ;
#36 = CARTESIAN_POINT ( 'NONE',  ( 0.0000000000000000000, 0.0000000000000000000, 25.50000000000000000 ) ) ;
#37 = STYLED_ITEM ( 'NONE', ( #529 ), #1263 ) ;
#38 = DIRECTION ( 'NONE',  ( 0.0000000000000000000, 0.0000000000000000000, -1.000000000000000000 ) ) ;
#39 = DIRECTION ( 'NONE',  ( 0.07845909572784565134, -9.608468044710195155E-18, 0.9969173337331278528 ) ) ;
#40 = VECTOR ( 'NONE', #279, 1000.000000000000000 ) ;
#41 = PRESENTATION_STYLE_ASSIGNMENT (( #488 ) ) ;
#42 = ORIENTED_EDGE ( 'NONE', *, *, #2, .T. ) ;
#43 = CONICAL_SURFACE ( 'NONE', #110, 4.500000000000000000, 0.07853981633974554954 ) ;
#44 = ORIENTED_EDGE ( 'NONE', *, *, #1209, .T. ) ;
#45 = FACE_OUTER_BOUND ( 'NONE', #277, .T. ) ;
#46 = LINE ( 'NONE', #342, #153 ) ;
#47 = CARTESIAN_POINT ( 'NONE',  ( 8.460577976156400837, -0.3731120509530370111, 0.0000000000000000000 ) ) ;
#48 = EDGE_CURVE ( 'NONE', #49, #543, #779, .T. ) ;
#49 = VERTEX_POINT ( 'NONE', #848 ) ;
#50 = CARTESIAN_POINT ( 'NONE',  ( 9.791789744842217758, 6.226165127272134114, 12.03489368568443396 ) ) ;
#51 = VECTOR ( 'NONE', #871, 1000.000000000000000 ) ;
#52 = DIRECTION ( 'NONE',  ( 0.0000000000000000000, 0.0000000000000000000, 1.000000000000000000 ) ) ;
#53 = SURFACE_STYLE_USAGE ( .BOTH. , #1099 ) ;
#54 = STYLED_ITEM ( 'NONE', ( #471 ), #255 ) ;
#55 = DIRECTION ( 'NONE',  ( -1.000000000000000000, -0.0000000000000000000, -0.0000000000000000000 ) ) ;
#56 = CARTESIAN_POINT ( 'NONE',  ( -1.300000000000000044, 1.592040838891559095E-16, -115.9999999999999858 ) ) ;
#57 = ORIENTED_EDGE ( 'NONE', *, *, #740, .T. ) ;
#58 = DIRECTION ( 'NONE',  ( 0.0000000000000000000, 0.0000000000000000000, -1.000000000000000000 ) ) ;
#59 =( NAMED_UNIT ( * ) SI_UNIT ( $, .STERADIAN. ) SOLID_ANGLE_UNIT ( ) );
#60 = CARTESIAN_POINT ( 'NONE',  ( 6.250000000000000000, 0.0000000000000000000, 41.99999999999999289 ) ) ;
#61 = CIRCLE ( 'NONE', #307, 6.250000000000000000 ) ;
#62 = DIRECTION ( 'NONE',  ( -1.000000000000000000, 0.0000000000000000000, 0.0000000000000000000 ) ) ;
#63 = DIRECTION ( 'NONE',  ( 0.0000000000000000000, 0.0000000000000000000, 1.000000000000000000 ) ) ;
#64 = ORIENTED_EDGE ( 'NONE', *, *, #319, .T. ) ;
#65 = DIRECTION ( 'NONE',  ( -1.000000000000000000, 0.0000000000000000000, -0.0000000000000000000 ) ) ;
#66 = EDGE_CURVE ( 'NONE', #207, #563, #964, .T. ) ;
#67 = PRESENTATION_LAYER_ASSIGNMENT (  '', '', ( #206 ) ) ;
#68 = DIRECTION ( 'NONE',  ( 0.0000000000000000000, 0.0000000000000000000, -1.000000000000000000 ) ) ;
#69 = FACE_OUTER_BOUND ( 'NONE', #14, .T. ) ;
#70 = DIRECTION ( 'NONE',  ( -0.9586959294355099637, 0.0000000000000000000, -0.2844329708099674336 ) ) ;
#71 = ORIENTED_EDGE ( 'NONE', *, *, #638, .T. ) ;
#72 =( NAMED_UNIT ( * ) PLANE_ANGLE_UNIT ( ) SI_UNIT ( $, .RADIAN. ) );
#73 = EDGE_CURVE ( 'NONE', #543, #1137, #975, .T. ) ;
#74 = CARTESIAN_POINT ( 'NONE',  ( 8.781711337437691611, -6.373112050953037233, 12.24616106660258374 ) ) ;
#75 = CARTESIAN_POINT ( 'NONE',  ( 20.46057797615640439, 6.373112050953039009, 0.0000000000000000000 ) ) ;
#76 = VECTOR ( 'NONE', #1089, 1000.000000000000000 ) ;
#77 = CARTESIAN_POINT ( 'NONE',  ( 7.177454049302157024, -6.373112050953037233, 13.30195135701883302 ) ) ;
#78 = CARTESIAN_POINT ( 'NONE',  ( 6.460577976156400837, 6.373112050953039009, 15.00000000000000000 ) ) ;
#79 = ORIENTED_EDGE ( 'NONE', *, *, #420, .T. ) ;
#80 = AXIS2_PLACEMENT_3D ( 'NONE', #332, #655, #340 ) ;
#81 = ORIENTED_EDGE ( 'NONE', *, *, #240, .T. ) ;
#82 = CARTESIAN_POINT ( 'NONE',  ( 8.460577976156400837, -6.373112050953037233, 8.999999999999998224 ) ) ;
#83 = FILL_AREA_STYLE ('',( #485 ) ) ;
#84 = UNCERTAINTY_MEASURE_WITH_UNIT (LENGTH_MEASURE( 1.000000000000000082E-05 ), #174, 'distance_accuracy_value', 'NONE');
#85 = VECTOR ( 'NONE', #865, 1000.000000000000000 ) ;
#86 = COLOUR_RGB ( '',1.000000000000000000, 1.000000000000000000, 1.000000000000000000 ) ;
#87 = SURFACE_STYLE_USAGE ( .BOTH. , #820 ) ;
#88 = CARTESIAN_POINT ( 'NONE',  ( -2.913029962351277646, -4.263860445580395779E-16, 139.0000000000000000 ) ) ;
#89 = ORIENTED_EDGE ( 'NONE', *, *, #523, .F. ) ;
#90 = UNCERTAINTY_MEASURE_WITH_UNIT (LENGTH_MEASURE( 1.000000000000000082E-05 ), #901, 'distance_accuracy_value', 'NONE');
#91 =( GEOMETRIC_REPRESENTATION_CONTEXT ( 3 ) GLOBAL_UNCERTAINTY_ASSIGNED_CONTEXT ( ( #308 ) ) GLOBAL_UNIT_ASSIGNED_CONTEXT ( ( #743, #327, #232 ) ) REPRESENTATION_CONTEXT ( 'NONE', 'WORKASPACE' ) );
#92 = CARTESIAN_POINT ( 'NONE',  ( 9.554830066347433259, 8.000000000000000000, 14.05983694554196006 ) ) ;
#93 = ORIENTED_EDGE ( 'NONE', *, *, #132, .T. ) ;
#94 = EDGE_CURVE ( 'NONE', #1377, #683, #1115, .T. ) ;
#95 = COLOUR_RGB ( '',0.2509803921568627416, 0.2509803921568627416, 0.2509803921568627416 ) ;
#96 = CARTESIAN_POINT ( 'NONE',  ( 0.0000000000000000000, 0.0000000000000000000, 139.0000000000000000 ) ) ;
#97 = CARTESIAN_POINT ( 'NONE',  ( 6.686754988188582161, -6.373112050953039009, 14.01657719367287136 ) ) ;
#98 = DIRECTION ( 'NONE',  ( 0.0000000000000000000, 0.0000000000000000000, -1.000000000000000000 ) ) ;
#99 = ORIENTED_EDGE ( 'NONE', *, *, #1197, .F. ) ;
#100 = AXIS2_PLACEMENT_3D ( 'NONE', #1102, #145, #1118 ) ;
#101 =( NAMED_UNIT ( * ) PLANE_ANGLE_UNIT ( ) SI_UNIT ( $, .RADIAN. ) );
#102 = DIRECTION ( 'NONE',  ( 0.0000000000000000000, 0.0000000000000000000, 1.000000000000000000 ) ) ;
#103 = CARTESIAN_POINT ( 'NONE',  ( 7.870396483089731277, 0.0000000000000000000, 0.0000000000000000000 ) ) ;
#104 = ORIENTED_EDGE ( 'NONE', *, *, #738, .F. ) ;
#105 = ORIENTED_EDGE ( 'NONE', *, *, #1209, .F. ) ;
#106 = EDGE_CURVE ( 'NONE', #1336, #528, #146, .T. ) ;
#107 = EDGE_CURVE ( 'NONE', #1353, #1232, #928, .T. ) ;
#108 = CARTESIAN_POINT ( 'NONE',  ( 8.460577976156400837, 0.3731120509530387874, 0.0000000000000000000 ) ) ;
#109 = CARTESIAN_POINT ( 'NONE',  ( 17.22012851850442416, 5.715487588257369467, 3.551037660068408819 ) ) ;
#110 = AXIS2_PLACEMENT_3D ( 'NONE', #1351, #813, #1220 ) ;
#111 = EDGE_LOOP ( 'NONE', ( #891, #573, #1216, #1316 ) ) ;
#112 = CARTESIAN_POINT ( 'NONE',  ( 14.46057797615640261, -0.3731120509530370111, 8.999999999999998224 ) ) ;
#113 = LINE ( 'NONE', #22, #497 ) ;
#114 = DIRECTION ( 'NONE',  ( 0.3826834323650905589, 0.0000000000000000000, -0.9238795325112864054 ) ) ;
#115 = LINE ( 'NONE', #634, #1394 ) ;
#116 = EDGE_CURVE ( 'NONE', #864, #49, #671, .T. ) ;
#117 = CARTESIAN_POINT ( 'NONE',  ( 17.55555034332540032, 5.527280467133645736, 3.805380636142207784 ) ) ;
#118 = AXIS2_PLACEMENT_3D ( 'NONE', #863, #373, #1259 ) ;
#119 = CARTESIAN_POINT ( 'NONE',  ( 0.0000000000000000000, 0.0000000000000000000, 146.0000000000000284 ) ) ;
#120 = ORIENTED_EDGE ( 'NONE', *, *, #150, .T. ) ;
#121 =( LENGTH_UNIT ( ) NAMED_UNIT ( * ) SI_UNIT ( .MILLI., .METRE. ) );
#122 = FACE_BOUND ( 'NONE', #1211, .T. ) ;
#123 = CYLINDRICAL_SURFACE ( 'NONE', #269, 6.000000000000000000 ) ;
#124 = DIRECTION ( 'NONE',  ( 1.601283208593975415E-14, 0.0000000000000000000, -1.000000000000000000 ) ) ;
#125 =( GEOMETRIC_REPRESENTATION_CONTEXT ( 3 ) GLOBAL_UNCERTAINTY_ASSIGNED_CONTEXT ( ( #400 ) ) GLOBAL_UNIT_ASSIGNED_CONTEXT ( ( #553, #879, #776 ) ) REPRESENTATION_CONTEXT ( 'NONE', 'WORKASPACE' ) );
#126 = AXIS2_PLACEMENT_3D ( 'NONE', #369, #1130, #584 ) ;
#127 =( NAMED_UNIT ( * ) PLANE_ANGLE_UNIT ( ) SI_UNIT ( $, .RADIAN. ) );
#128 = ORIENTED_EDGE ( 'NONE', *, *, #1068, .T. ) ;
#129 = UNCERTAINTY_MEASURE_WITH_UNIT (LENGTH_MEASURE( 1.000000000000000082E-05 ), #362, 'distance_accuracy_value', 'NONE');
#130 = FACE_OUTER_BOUND ( 'NONE', #956, .T. ) ;
#131 = CARTESIAN_POINT ( 'NONE',  ( 18.47073739553981042, 4.852542669032628986, 4.591440928230655416 ) ) ;
#132 = EDGE_CURVE ( 'NONE', #1129, #1163, #1131, .T. ) ;
#133 = CARTESIAN_POINT ( 'NONE',  ( 0.0000000000000000000, 0.0000000000000000000, 15.00000000000000000 ) ) ;
#134 = ORIENTED_EDGE ( 'NONE', *, *, #670, .F. ) ;
#135 = CARTESIAN_POINT ( 'NONE',  ( 1.300000000000000044, 0.0000000000000000000, -115.9999999999999858 ) ) ;
#136 =( NAMED_UNIT ( * ) PLANE_ANGLE_UNIT ( ) SI_UNIT ( $, .RADIAN. ) );
#137 = MECHANICAL_DESIGN_GEOMETRIC_PRESENTATION_REPRESENTATION (  '', ( #539 ), #419 ) ;
#138 = VERTEX_POINT ( 'NONE', #818 ) ;
#139 = SURFACE_SIDE_STYLE ('',( #259 ) ) ;
#140 =( NAMED_UNIT ( * ) PLANE_ANGLE_UNIT ( ) SI_UNIT ( $, .RADIAN. ) );
#141 = COLOUR_RGB ( '',0.2509803921568627416, 0.2509803921568627416, 0.2509803921568627416 ) ;
#142 = LINE ( 'NONE', #480, #227 ) ;
#143 = EDGE_LOOP ( 'NONE', ( #35, #261 ) ) ;
#144 = PRESENTATION_LAYER_ASSIGNMENT (  '', '', ( #1357 ) ) ;
#145 = DIRECTION ( 'NONE',  ( -1.000000000000000000, -0.0000000000000000000, 0.0000000000000000000 ) ) ;
#146 = CIRCLE ( 'NONE', #1294, 6.000000000000000000 ) ;
#147 = EDGE_LOOP ( 'NONE', ( #249, #482, #93, #1292 ) ) ;
#148 = MECHANICAL_DESIGN_GEOMETRIC_PRESENTATION_REPRESENTATION (  '', ( #703 ), #1379 ) ;
#149 = COLOUR_RGB ( '',0.2509803921568627416, 0.2509803921568627416, 0.2509803921568627416 ) ;
#150 = EDGE_CURVE ( 'NONE', #180, #406, #602, .T. ) ;
#151 = LINE ( 'NONE', #356, #309 ) ;
#152 = CARTESIAN_POINT ( 'NONE',  ( 20.46057797615640439, 0.0000000000000000000, 6.577827698372168186 ) ) ;
#153 = VECTOR ( 'NONE', #571, 1000.000000000000000 ) ;
#154 = CARTESIAN_POINT ( 'NONE',  ( 14.46057797615640084, 0.0000000000000000000, 0.0000000000000000000 ) ) ;
#155 = VERTEX_POINT ( 'NONE', #181 ) ;
#156 = MECHANICAL_DESIGN_GEOMETRIC_PRESENTATION_REPRESENTATION (  '', ( #866 ), #1317 ) ;
#157 = CARTESIAN_POINT ( 'NONE',  ( 0.0000000000000000000, 0.0000000000000000000, 15.00000000000000000 ) ) ;
#158 = PLANE ( 'NONE',  #1390 ) ;
#159 = SURFACE_STYLE_FILL_AREA ( #1122 ) ;
#160 = DIRECTION ( 'NONE',  ( 1.000000000000000000, 0.0000000000000000000, 0.0000000000000000000 ) ) ;
#161 = DIRECTION ( 'NONE',  ( -0.0000000000000000000, -0.0000000000000000000, 1.000000000000000000 ) ) ;
#162 = ORIENTED_EDGE ( 'NONE', *, *, #785, .F. ) ;
#163 = CARTESIAN_POINT ( 'NONE',  ( 10.12918049292897749, 6.139056962961501718, 12.00647811063720383 ) ) ;
#164 = FILL_AREA_STYLE ('',( #587 ) ) ;
#165 = MECHANICAL_DESIGN_GEOMETRIC_PRESENTATION_REPRESENTATION (  '', ( #54 ), #210 ) ;
#166 = MECHANICAL_DESIGN_GEOMETRIC_PRESENTATION_REPRESENTATION (  '', ( #1245 ), #992 ) ;
#167 = PLANE ( 'NONE',  #18 ) ;
#168 =( LENGTH_UNIT ( ) NAMED_UNIT ( * ) SI_UNIT ( .MILLI., .METRE. ) );
#169 = ADVANCED_FACE ( 'NONE', ( #1256 ), #195, .T. ) ;
#170 = EDGE_LOOP ( 'NONE', ( #905, #534, #882, #339, #439, #1343 ) ) ;
#171 = VERTEX_POINT ( 'NONE', #294 ) ;
#172 = CARTESIAN_POINT ( 'NONE',  ( 14.89354819707408417, -6.373112050953037233, 2.197430765932113061 ) ) ;
#173 = CARTESIAN_POINT ( 'NONE',  ( 9.795644312783746699, -6.232629619332448634, 12.02553015033311112 ) ) ;
#174 =( LENGTH_UNIT ( ) NAMED_UNIT ( * ) SI_UNIT ( .MILLI., .METRE. ) );
#175 = LINE ( 'NONE', #895, #329 ) ;
#176 = CARTESIAN_POINT ( 'NONE',  ( 14.46057797615640261, -6.373112050953037233, -1.410835607841010633E-15 ) ) ;
#177 =( GEOMETRIC_REPRESENTATION_CONTEXT ( 3 ) GLOBAL_UNCERTAINTY_ASSIGNED_CONTEXT ( ( #200 ) ) GLOBAL_UNIT_ASSIGNED_CONTEXT ( ( #1324, #990, #239 ) ) REPRESENTATION_CONTEXT ( 'NONE', 'WORKASPACE' ) );
#178 = EDGE_CURVE ( 'NONE', #367, #694, #658, .T. ) ;
#179 = ORIENTED_EDGE ( 'NONE', *, *, #1349, .F. ) ;
#180 = VERTEX_POINT ( 'NONE', #188 ) ;
#181 = CARTESIAN_POINT ( 'NONE',  ( 6.460577976156402613, -6.373112050953037233, 15.00000000000000000 ) ) ;
#182 = CARTESIAN_POINT ( 'NONE',  ( 7.601743344990699924, -6.373112050953036345, 12.90975629742300157 ) ) ;
#183 = CARTESIAN_POINT ( 'NONE',  ( 14.46057797615640261, 6.373112050953039009, 0.0000000000000000000 ) ) ;
#184 = VERTEX_POINT ( 'NONE', #923 ) ;
#185 = ORIENTED_EDGE ( 'NONE', *, *, #709, .T. ) ;
#186 = PRODUCT_RELATED_PRODUCT_CATEGORY ( 'part', '', ( #619 ) ) ;
#187 = FACE_OUTER_BOUND ( 'NONE', #836, .T. ) ;
#188 = CARTESIAN_POINT ( 'NONE',  ( 7.870396483089731277, 6.373112050953039009, 4.336808689942017736E-16 ) ) ;
#189 = FILL_AREA_STYLE_COLOUR ( '', #778 ) ;
#190 = FACE_OUTER_BOUND ( 'NONE', #147, .T. ) ;
#191 = DIRECTION ( 'NONE',  ( 0.08715574274765836016, 0.0000000000000000000, -0.9961946980917455452 ) ) ;
#192 = CARTESIAN_POINT ( 'NONE',  ( -2.913029962351277646, -3.567432819213827093E-16, 139.0000000000000000 ) ) ;
#193 = PLANE ( 'NONE',  #570 ) ;
#194 = CYLINDRICAL_SURFACE ( 'NONE', #321, 6.250000000000000000 ) ;
#195 = CONICAL_SURFACE ( 'NONE', #589, 4.050382588188293553, 0.08726646259971666819 ) ;
#196 = ADVANCED_FACE ( 'NONE', ( #1155 ), #609, .T. ) ;
#197 = STYLED_ITEM ( 'NONE', ( #1273 ), #1029 ) ;
#198 = DIRECTION ( 'NONE',  ( 0.0000000000000000000, 0.0000000000000000000, -1.000000000000000000 ) ) ;
#199 = SURFACE_SIDE_STYLE ('',( #719 ) ) ;
#200 = UNCERTAINTY_MEASURE_WITH_UNIT (LENGTH_MEASURE( 1.000000000000000082E-05 ), #1324, 'distance_accuracy_value', 'NONE');
#201 = PRESENTATION_LAYER_ASSIGNMENT (  '', '', ( #978 ) ) ;
#202 = CARTESIAN_POINT ( 'NONE',  ( 6.739696347073516947, 6.373112050953036345, 13.88571739267391081 ) ) ;
#203 = PRESENTATION_STYLE_ASSIGNMENT (( #1283 ) ) ;
#204 = DIRECTION ( 'NONE',  ( 0.0000000000000000000, 0.0000000000000000000, 1.000000000000000000 ) ) ;
#205 = CARTESIAN_POINT ( 'NONE',  ( -1.300000000000000044, 1.592040838891559095E-16, -115.9999999999999858 ) ) ;
#206 = STYLED_ITEM ( 'NONE', ( #1290 ), #847 ) ;
#207 = VERTEX_POINT ( 'NONE', #668 ) ;
#208 = FILL_AREA_STYLE_COLOUR ( '', #791 ) ;
#209 = FILL_AREA_STYLE_COLOUR ( '', #593 ) ;
#210 =( GEOMETRIC_REPRESENTATION_CONTEXT ( 3 ) GLOBAL_UNCERTAINTY_ASSIGNED_CONTEXT ( ( #1266 ) ) GLOBAL_UNIT_ASSIGNED_CONTEXT ( ( #247, #447, #1314 ) ) REPRESENTATION_CONTEXT ( 'NONE', 'WORKASPACE' ) );
#211 = PLANE ( 'NONE',  #1058 ) ;
#212 = STYLED_ITEM ( 'NONE', ( #1370 ), #514 ) ;
#213 = ORIENTED_EDGE ( 'NONE', *, *, #759, .T. ) ;
#214 = ORIENTED_EDGE ( 'NONE', *, *, #1133, .T. ) ;
#215 = EDGE_CURVE ( 'NONE', #138, #801, #768, .T. ) ;
#216 = APPLICATION_CONTEXT ( 'automotive_design' ) ;
#217 = CARTESIAN_POINT ( 'NONE',  ( 9.074999999999999289, 1.111366970226222929E-15, 15.00000000000000000 ) ) ;
#218 = CARTESIAN_POINT ( 'NONE',  ( 0.0000000000000000000, 0.0000000000000000000, 15.00000000000000000 ) ) ;
#219 = CARTESIAN_POINT ( 'NONE',  ( 14.46057797615640261, 6.373112050953039009, 2.020998237202814352 ) ) ;
#220 = VERTEX_POINT ( 'NONE', #562 ) ;
#221 = CONICAL_SURFACE ( 'NONE', #1028, 4.050382588188293553, 0.08726646259971666819 ) ;
#222 = EDGE_CURVE ( 'NONE', #864, #314, #679, .T. ) ;
#223 = FILL_AREA_STYLE_COLOUR ( '', #736 ) ;
#224 =( NAMED_UNIT ( * ) SI_UNIT ( $, .STERADIAN. ) SOLID_ANGLE_UNIT ( ) );
#225 = DIRECTION ( 'NONE',  ( 1.000000000000000000, 0.0000000000000000000, 0.0000000000000000000 ) ) ;
#226 = CARTESIAN_POINT ( 'NONE',  ( 16.67685717784634036, 5.952281379311597398, 3.182123696939245683 ) ) ;
#227 = VECTOR ( 'NONE', #1002, 1000.000000000000000 ) ;
#228 = SURFACE_STYLE_USAGE ( .BOTH. , #366 ) ;
#229 = ORIENTED_EDGE ( 'NONE', *, *, #1364, .F. ) ;
#230 = CARTESIAN_POINT ( 'NONE',  ( 20.46057797615640439, -1.967254235611367141, 6.577827698372167298 ) ) ;
#231 = UNCERTAINTY_MEASURE_WITH_UNIT (LENGTH_MEASURE( 1.000000000000000082E-05 ), #1288, 'distance_accuracy_value', 'NONE');
#232 =( NAMED_UNIT ( * ) SI_UNIT ( $, .STERADIAN. ) SOLID_ANGLE_UNIT ( ) );
#233 = CARTESIAN_POINT ( 'NONE',  ( 15.31115286407319331, 6.326529110587787663, 2.394921918610781741 ) ) ;
#234 = VECTOR ( 'NONE', #380, 1000.000000000000000 ) ;
#235 = PLANE ( 'NONE',  #1200 ) ;
#236 = ORIENTED_EDGE ( 'NONE', *, *, #390, .F. ) ;
#237 = SURFACE_STYLE_FILL_AREA ( #1196 ) ;
#238 = DIRECTION ( 'NONE',  ( 0.0000000000000000000, 0.0000000000000000000, 1.000000000000000000 ) ) ;
#239 =( NAMED_UNIT ( * ) SI_UNIT ( $, .STERADIAN. ) SOLID_ANGLE_UNIT ( ) );
#240 = EDGE_CURVE ( 'NONE', #1137, #207, #999, .T. ) ;
#241 = DIRECTION ( 'NONE',  ( 0.0000000000000000000, 0.0000000000000000000, -1.000000000000000000 ) ) ;
#242 = APPLICATION_CONTEXT ( 'automotive_design' ) ;
#243 =( GEOMETRIC_REPRESENTATION_CONTEXT ( 3 ) GLOBAL_UNCERTAINTY_ASSIGNED_CONTEXT ( ( #720 ) ) GLOBAL_UNIT_ASSIGNED_CONTEXT ( ( #1239, #1146, #788 ) ) REPRESENTATION_CONTEXT ( 'NONE', 'WORKASPACE' ) );
#244 = CARTESIAN_POINT ( 'NONE',  ( 14.46057797615640084, -0.3731120509530370111, 12.00000000000000000 ) ) ;
#245 = ORIENTED_EDGE ( 'NONE', *, *, #319, .F. ) ;
#246 = CARTESIAN_POINT ( 'NONE',  ( 1.300000000000000044, 0.0000000000000000000, -115.9999999999999858 ) ) ;
#247 =( LENGTH_UNIT ( ) NAMED_UNIT ( * ) SI_UNIT ( .MILLI., .METRE. ) );
#248 = AXIS2_PLACEMENT_3D ( 'NONE', #365, #596, #62 ) ;
#249 = ORIENTED_EDGE ( 'NONE', *, *, #4, .F. ) ;
#250 = SURFACE_STYLE_USAGE ( .BOTH. , #986 ) ;
#251 =( LENGTH_UNIT ( ) NAMED_UNIT ( * ) SI_UNIT ( .MILLI., .METRE. ) );
#252 = CARTESIAN_POINT ( 'NONE',  ( 0.0000000000000000000, 0.0000000000000000000, -115.9999999999999858 ) ) ;
#253 = ADVANCED_FACE ( 'NONE', ( #567 ), #349, .T. ) ;
#254 = VECTOR ( 'NONE', #283, 1000.000000000000000 ) ;
#255 = ADVANCED_FACE ( 'NONE', ( #272 ), #374, .T. ) ;
#256 = EDGE_LOOP ( 'NONE', ( #423, #606, #79, #500 ) ) ;
#257 = ORIENTED_EDGE ( 'NONE', *, *, #94, .F. ) ;
#258 = PLANE ( 'NONE',  #1187 ) ;
#259 = SURFACE_STYLE_FILL_AREA ( #577 ) ;
#260 = CARTESIAN_POINT ( 'NONE',  ( 4.500000000000000000, -5.510910596163088569E-16, 0.0000000000000000000 ) ) ;
#261 = ORIENTED_EDGE ( 'NONE', *, *, #600, .T. ) ;
#262 = CIRCLE ( 'NONE', #1386, 2.913029962351277646 ) ;
#263 = STYLED_ITEM ( 'NONE', ( #933 ), #169 ) ;
#264 = DIRECTION ( 'NONE',  ( 1.000000000000000000, 0.0000000000000000000, 0.0000000000000000000 ) ) ;
#265 = FILL_AREA_STYLE ('',( #1121 ) ) ;
#266 = CIRCLE ( 'NONE', #774, 2.913029962351277646 ) ;
#267 = CARTESIAN_POINT ( 'NONE',  ( 8.460577976156400837, 0.3731120509530387874, 12.00000000000000000 ) ) ;
#268 = ORIENTED_EDGE ( 'NONE', *, *, #474, .F. ) ;
#269 = AXIS2_PLACEMENT_3D ( 'NONE', #108, #1284, #225 ) ;
#270 = ORIENTED_EDGE ( 'NONE', *, *, #420, .F. ) ;
#271 =( NAMED_UNIT ( * ) SI_UNIT ( $, .STERADIAN. ) SOLID_ANGLE_UNIT ( ) );
#272 = FACE_OUTER_BOUND ( 'NONE', #320, .T. ) ;
#273 = EDGE_CURVE ( 'NONE', #1323, #1252, #8, .T. ) ;
#274 = DIRECTION ( 'NONE',  ( 0.0000000000000000000, 0.0000000000000000000, 1.000000000000000000 ) ) ;
#275 = CARTESIAN_POINT ( 'NONE',  ( 20.46057797615640439, 6.373112050953039009, 0.0000000000000000000 ) ) ;
#276 = EDGE_LOOP ( 'NONE', ( #1275, #592, #710, #1127, #1282 ) ) ;
#277 = EDGE_LOOP ( 'NONE', ( #508, #583, #773, #970 ) ) ;
#278 = DIRECTION ( 'NONE',  ( 0.0000000000000000000, 0.0000000000000000000, -1.000000000000000000 ) ) ;
#279 = DIRECTION ( 'NONE',  ( -0.0000000000000000000, -0.0000000000000000000, 1.000000000000000000 ) ) ;
#280 = CARTESIAN_POINT ( 'NONE',  ( 0.0000000000000000000, 0.0000000000000000000, -28.00000000000000000 ) ) ;
#281 = FILL_AREA_STYLE ('',( #372 ) ) ;
#282 = EDGE_CURVE ( 'NONE', #1163, #184, #1174, .T. ) ;
#283 = DIRECTION ( 'NONE',  ( -0.0000000000000000000, -0.0000000000000000000, -1.000000000000000000 ) ) ;
#284 = ORIENTED_EDGE ( 'NONE', *, *, #437, .F. ) ;
#285 =( NAMED_UNIT ( * ) PLANE_ANGLE_UNIT ( ) SI_UNIT ( $, .RADIAN. ) );
#286 =( NAMED_UNIT ( * ) PLANE_ANGLE_UNIT ( ) SI_UNIT ( $, .RADIAN. ) );
#287 =( GEOMETRIC_REPRESENTATION_CONTEXT ( 3 ) GLOBAL_UNCERTAINTY_ASSIGNED_CONTEXT ( ( #335 ) ) GLOBAL_UNIT_ASSIGNED_CONTEXT ( ( #841, #1389, #224 ) ) REPRESENTATION_CONTEXT ( 'NONE', 'WORKASPACE' ) );
#288 = DIRECTION ( 'NONE',  ( -1.000000000000000000, 0.0000000000000000000, 0.0000000000000000000 ) ) ;
#289 = DIRECTION ( 'NONE',  ( 0.0000000000000000000, 0.0000000000000000000, 1.000000000000000000 ) ) ;
#290 = ORIENTED_EDGE ( 'NONE', *, *, #914, .F. ) ;
#291 = ORIENTED_EDGE ( 'NONE', *, *, #1074, .F. ) ;
#292 = CIRCLE ( 'NONE', #1037, 9.074999999999999289 ) ;
#293 = SURFACE_SIDE_STYLE ('',( #394 ) ) ;
#294 = CARTESIAN_POINT ( 'NONE',  ( -4.500000000000000000, 0.0000000000000000000, 0.0000000000000000000 ) ) ;
#295 =( GEOMETRIC_REPRESENTATION_CONTEXT ( 3 ) GLOBAL_UNCERTAINTY_ASSIGNED_CONTEXT ( ( #610 ) ) GLOBAL_UNIT_ASSIGNED_CONTEXT ( ( #869, #1183, #328 ) ) REPRESENTATION_CONTEXT ( 'NONE', 'WORKASPACE' ) );
#296 = CARTESIAN_POINT ( 'NONE',  ( 14.46057797615640084, 0.3731120509530387874, 8.999999999999998224 ) ) ;
#297 = ORIENTED_EDGE ( 'NONE', *, *, #116, .F. ) ;
#298 = ORIENTED_EDGE ( 'NONE', *, *, #66, .T. ) ;
#299 = PRESENTATION_STYLE_ASSIGNMENT (( #1165 ) ) ;
#300 = ADVANCED_FACE ( 'NONE', ( #1237 ), #235, .F. ) ;
#301 = AXIS2_PLACEMENT_3D ( 'NONE', #267, #161, #432 ) ;
#302 = CARTESIAN_POINT ( 'NONE',  ( 0.01353502573960291624, 0.0000000000000000000, 146.0000000000000284 ) ) ;
#303 = ORIENTED_EDGE ( 'NONE', *, *, #686, .F. ) ;
#304 = CARTESIAN_POINT ( 'NONE',  ( 8.460577976156400837, 6.373112050953039009, 12.39198214165409517 ) ) ;
#305 = DIRECTION ( 'NONE',  ( 0.0000000000000000000, 0.0000000000000000000, -1.000000000000000000 ) ) ;
#306 = VECTOR ( 'NONE', #983, 1000.000000000000000 ) ;
#307 = AXIS2_PLACEMENT_3D ( 'NONE', #1188, #418, #1057 ) ;
#308 = UNCERTAINTY_MEASURE_WITH_UNIT (LENGTH_MEASURE( 1.000000000000000082E-05 ), #743, 'distance_accuracy_value', 'NONE');
#309 = VECTOR ( 'NONE', #1218, 1000.000000000000114 ) ;
#310 = FILL_AREA_STYLE ('',( #208 ) ) ;
#311 =( NAMED_UNIT ( * ) SI_UNIT ( $, .STERADIAN. ) SOLID_ANGLE_UNIT ( ) );
#312 = CARTESIAN_POINT ( 'NONE',  ( 6.460577976156400837, -6.373112050953037233, 14.85352227392811031 ) ) ;
#313 = EDGE_CURVE ( 'NONE', #864, #1336, #542, .T. ) ;
#314 = VERTEX_POINT ( 'NONE', #980 ) ;
#315 = SURFACE_SIDE_STYLE ('',( #524 ) ) ;
#316 = SURFACE_STYLE_FILL_AREA ( #630 ) ;
#317 =( GEOMETRIC_REPRESENTATION_CONTEXT ( 3 ) GLOBAL_UNCERTAINTY_ASSIGNED_CONTEXT ( ( #84 ) ) GLOBAL_UNIT_ASSIGNED_CONTEXT ( ( #174, #136, #797 ) ) REPRESENTATION_CONTEXT ( 'NONE', 'WORKASPACE' ) );
#318 = CARTESIAN_POINT ( 'NONE',  ( 9.554830066347433259, 6.373112050953039009, 14.05983694554196006 ) ) ;
#319 = EDGE_CURVE ( 'NONE', #1365, #429, #1046, .T. ) ;
#320 = EDGE_LOOP ( 'NONE', ( #483, #581, #128, #1238 ) ) ;
#321 = AXIS2_PLACEMENT_3D ( 'NONE', #942, #1375, #1065 ) ;
#322 = VECTOR ( 'NONE', #548, 1000.000000000000000 ) ;
#323 = COLOUR_RGB ( '',1.000000000000000000, 1.000000000000000000, 1.000000000000000000 ) ;
#324 = DIRECTION ( 'NONE',  ( 0.0000000000000000000, 1.000000000000000000, 0.0000000000000000000 ) ) ;
#325 = VERTEX_POINT ( 'NONE', #244 ) ;
#326 = CIRCLE ( 'NONE', #440, 2.296352208910662718 ) ;
#327 =( NAMED_UNIT ( * ) PLANE_ANGLE_UNIT ( ) SI_UNIT ( $, .RADIAN. ) );
#328 =( NAMED_UNIT ( * ) SI_UNIT ( $, .STERADIAN. ) SOLID_ANGLE_UNIT ( ) );
#329 = VECTOR ( 'NONE', #55, 1000.000000000000000 ) ;
#330 = DIRECTION ( 'NONE',  ( 0.0000000000000000000, -0.0000000000000000000, -1.000000000000000000 ) ) ;
#331 = VERTEX_POINT ( 'NONE', #1019 ) ;
#332 = CARTESIAN_POINT ( 'NONE',  ( 0.0000000000000000000, 0.0000000000000000000, -115.9999999999999858 ) ) ;
#333 = EDGE_CURVE ( 'NONE', #1023, #701, #716, .T. ) ;
#334 = FILL_AREA_STYLE ('',( #997 ) ) ;
#335 = UNCERTAINTY_MEASURE_WITH_UNIT (LENGTH_MEASURE( 1.000000000000000082E-05 ), #841, 'distance_accuracy_value', 'NONE');
#336 = SURFACE_SIDE_STYLE ('',( #1303 ) ) ;
#337 = DIRECTION ( 'NONE',  ( -0.0000000000000000000, -1.360970482009174558E-16, 1.000000000000000000 ) ) ;
#338 = DIRECTION ( 'NONE',  ( 1.000000000000000000, 0.0000000000000000000, 0.0000000000000000000 ) ) ;
#339 = ORIENTED_EDGE ( 'NONE', *, *, #662, .F. ) ;
#340 = DIRECTION ( 'NONE',  ( 1.000000000000000000, 0.0000000000000000000, 0.0000000000000000000 ) ) ;
#341 = SURFACE_STYLE_FILL_AREA ( #673 ) ;
#342 = CARTESIAN_POINT ( 'NONE',  ( 20.46057797615640439, -6.373112050953037233, 8.999999999999998224 ) ) ;
#343 = COLOUR_RGB ( '',1.000000000000000000, 0.0000000000000000000, 0.0000000000000000000 ) ;
#344 = STYLED_ITEM ( 'NONE', ( #203 ), #1293 ) ;
#345 = ORIENTED_EDGE ( 'NONE', *, *, #961, .F. ) ;
#346 = CARTESIAN_POINT ( 'NONE',  ( 20.46057797615640439, 0.3731120509530387874, 9.000000000000000000 ) ) ;
#347 = SURFACE_STYLE_USAGE ( .BOTH. , #1103 ) ;
#348 = FILL_AREA_STYLE_COLOUR ( '', #1299 ) ;
#349 = CYLINDRICAL_SURFACE ( 'NONE', #1270, 9.074999999999999289 ) ;
#350 = EDGE_CURVE ( 'NONE', #155, #1252, #808, .T. ) ;
#351 = EDGE_CURVE ( 'NONE', #683, #367, #438, .T. ) ;
#352 = VECTOR ( 'NONE', #948, 1000.000000000000000 ) ;
#353 = VERTEX_POINT ( 'NONE', #1081 ) ;
#354 = EDGE_LOOP ( 'NONE', ( #1175, #257, #1021, #1310 ) ) ;
#355 = CYLINDRICAL_SURFACE ( 'NONE', #1093, 6.250000000000000000 ) ;
#356 = CARTESIAN_POINT ( 'NONE',  ( -4.500000000000000000, 0.0000000000000000000, 0.0000000000000000000 ) ) ;
#357 = DIRECTION ( 'NONE',  ( -1.000000000000000000, 8.854317741964953206E-16, 0.0000000000000000000 ) ) ;
#358 =( GEOMETRIC_REPRESENTATION_CONTEXT ( 3 ) GLOBAL_UNCERTAINTY_ASSIGNED_CONTEXT ( ( #837 ) ) GLOBAL_UNIT_ASSIGNED_CONTEXT ( ( #168, #481, #1342 ) ) REPRESENTATION_CONTEXT ( 'NONE', 'WORKASPACE' ) );
#359 = EDGE_LOOP ( 'NONE', ( #1260, #81, #298, #213 ) ) ;
#360 = ORIENTED_EDGE ( 'NONE', *, *, #831, .T. ) ;
#361 = PRESENTATION_LAYER_ASSIGNMENT (  '', '', ( #974 ) ) ;
#362 =( LENGTH_UNIT ( ) NAMED_UNIT ( * ) SI_UNIT ( .MILLI., .METRE. ) );
#363 = ORIENTED_EDGE ( 'NONE', *, *, #662, .T. ) ;
#364 = CARTESIAN_POINT ( 'NONE',  ( 17.21293547213278430, -5.719090184139089317, 3.545859606960708899 ) ) ;
#365 = CARTESIAN_POINT ( 'NONE',  ( 0.0000000000000000000, 0.0000000000000000000, -28.00000000000000000 ) ) ;
#366 = SURFACE_SIDE_STYLE ('',( #1126 ) ) ;
#367 = VERTEX_POINT ( 'NONE', #556 ) ;
#368 = SURFACE_STYLE_USAGE ( .BOTH. , #1329 ) ;
#369 = CARTESIAN_POINT ( 'NONE',  ( 0.0000000000000000000, 0.0000000000000000000, 25.50000000000000000 ) ) ;
#370 = EDGE_CURVE ( 'NONE', #809, #1023, #7, .T. ) ;
#371 = LINE ( 'NONE', #909, #685 ) ;
#372 = FILL_AREA_STYLE_COLOUR ( '', #989 ) ;
#373 = DIRECTION ( 'NONE',  ( 0.0000000000000000000, 0.0000000000000000000, 1.000000000000000000 ) ) ;
#374 = CONICAL_SURFACE ( 'NONE', #1346, 2.913029962351277646, 0.3926990816987250277 ) ;
#375 = ORIENTED_EDGE ( 'NONE', *, *, #1364, .T. ) ;
#376 = EDGE_LOOP ( 'NONE', ( #134, #727, #1246, #179 ) ) ;
#377 = CARTESIAN_POINT ( 'NONE',  ( 18.73923011132465888, -4.579432997602273403, 4.859467615247528016 ) ) ;
#378 = PRESENTATION_LAYER_ASSIGNMENT (  '', '', ( #539 ) ) ;
#379 = CARTESIAN_POINT ( 'NONE',  ( 10.13044732532159209, -6.146769791216488699, 12.00000000000000000 ) ) ;
#380 = DIRECTION ( 'NONE',  ( -0.0000000000000000000, -0.0000000000000000000, -1.000000000000000000 ) ) ;
#381 = ORIENTED_EDGE ( 'NONE', *, *, #907, .T. ) ;
#382 = CARTESIAN_POINT ( 'NONE',  ( 15.30817709396927739, -6.326896248278112367, 2.393490660267890036 ) ) ;
#383 = COLOUR_RGB ( '',0.2509803921568627416, 0.2509803921568627416, 0.2509803921568627416 ) ;
#384 = FACE_OUTER_BOUND ( 'NONE', #1150, .T. ) ;
#385 = DIRECTION ( 'NONE',  ( 0.02617694830787320806, 0.0000000000000000000, -0.9996573249755572599 ) ) ;
#386 = VECTOR ( 'NONE', #114, 1000.000000000000227 ) ;
#387 = CARTESIAN_POINT ( 'NONE',  ( 0.0000000000000000000, 0.0000000000000000000, 0.0000000000000000000 ) ) ;
#388 = COLOUR_RGB ( '',0.2509803921568627416, 0.2509803921568627416, 0.2509803921568627416 ) ;
#389 = ORIENTED_EDGE ( 'NONE', *, *, #987, .T. ) ;
#390 = EDGE_CURVE ( 'NONE', #632, #1395, #784, .T. ) ;
#391 = ORIENTED_EDGE ( 'NONE', *, *, #1382, .F. ) ;
#392 = FILL_AREA_STYLE ('',( #838 ) ) ;
#393 = CIRCLE ( 'NONE', #1258, 6.000000000000000000 ) ;
#394 = SURFACE_STYLE_FILL_AREA ( #1367 ) ;
#395 = CARTESIAN_POINT ( 'NONE',  ( 19.85680905520224115, 3.442636353910585534, 5.975106752539248944 ) ) ;
#396 = UNCERTAINTY_MEASURE_WITH_UNIT (LENGTH_MEASURE( 1.000000000000000082E-05 ), #1049, 'distance_accuracy_value', 'NONE');
#397 = DIRECTION ( 'NONE',  ( -0.0000000000000000000, -1.000000000000000000, -0.0000000000000000000 ) ) ;
#398 = VECTOR ( 'NONE', #191, 1000.000000000000000 ) ;
#399 = ORIENTED_EDGE ( 'NONE', *, *, #430, .T. ) ;
#400 = UNCERTAINTY_MEASURE_WITH_UNIT (LENGTH_MEASURE( 1.000000000000000082E-05 ), #553, 'distance_accuracy_value', 'NONE');
#401 = CARTESIAN_POINT ( 'NONE',  ( 6.460577976156399949, 6.373112050953038121, 14.70763774564814952 ) ) ;
#402 = CARTESIAN_POINT ( 'NONE',  ( 2.913029962351277646, 0.0000000000000000000, 139.0000000000000000 ) ) ;
#403 = CIRCLE ( 'NONE', #118, 6.250000000000000000 ) ;
#404 = CARTESIAN_POINT ( 'NONE',  ( 2.913029962351277646, 0.0000000000000000000, 139.0000000000000000 ) ) ;
#405 = STYLED_ITEM ( 'NONE', ( #1311 ), #1315 ) ;
#406 = VERTEX_POINT ( 'NONE', #1011 ) ;
#407 = CARTESIAN_POINT ( 'NONE',  ( 7.478534046737574492, 6.373112050953039009, 13.00073291921660790 ) ) ;
#408 = CARTESIAN_POINT ( 'NONE',  ( -4.050382588188293553, -6.307165283308962022E-16, 126.0000000000000000 ) ) ;
#409 = EDGE_CURVE ( 'NONE', #689, #872, #675, .T. ) ;
#410 =( GEOMETRIC_REPRESENTATION_CONTEXT ( 3 ) GLOBAL_UNCERTAINTY_ASSIGNED_CONTEXT ( ( #396 ) ) GLOBAL_UNIT_ASSIGNED_CONTEXT ( ( #1049, #286, #1368 ) ) REPRESENTATION_CONTEXT ( 'NONE', 'WORKASPACE' ) );
#411 = MECHANICAL_DESIGN_GEOMETRIC_PRESENTATION_REPRESENTATION (  '', ( #551 ), #12 ) ;
#412 = LINE ( 'NONE', #103, #352 ) ;
#413 = CARTESIAN_POINT ( 'NONE',  ( 9.554830066347433259, -6.373112050953037233, 14.05983694554196006 ) ) ;
#414 = STYLED_ITEM ( 'NONE', ( #1040 ), #1176 ) ;
#415 = ORIENTED_EDGE ( 'NONE', *, *, #107, .T. ) ;
#416 =( GEOMETRIC_REPRESENTATION_CONTEXT ( 3 ) GLOBAL_UNCERTAINTY_ASSIGNED_CONTEXT ( ( #1170 ) ) GLOBAL_UNIT_ASSIGNED_CONTEXT ( ( #1320, #777, #789 ) ) REPRESENTATION_CONTEXT ( 'NONE', 'WORKASPACE' ) );
#417 = SURFACE_STYLE_USAGE ( .BOTH. , #315 ) ;
#418 = DIRECTION ( 'NONE',  ( 0.0000000000000000000, 0.0000000000000000000, 1.000000000000000000 ) ) ;
#419 =( GEOMETRIC_REPRESENTATION_CONTEXT ( 3 ) GLOBAL_UNCERTAINTY_ASSIGNED_CONTEXT ( ( #1380 ) ) GLOBAL_UNIT_ASSIGNED_CONTEXT ( ( #1228, #680, #578 ) ) REPRESENTATION_CONTEXT ( 'NONE', 'WORKASPACE' ) );
#420 = EDGE_CURVE ( 'NONE', #184, #1163, #403, .T. ) ;
#421 = FACE_BOUND ( 'NONE', #676, .T. ) ;
#422 = VERTEX_POINT ( 'NONE', #88 ) ;
#423 = ORIENTED_EDGE ( 'NONE', *, *, #1327, .F. ) ;
#424 = PLANE ( 'NONE',  #100 ) ;
#425 =( LENGTH_UNIT ( ) NAMED_UNIT ( * ) SI_UNIT ( .MILLI., .METRE. ) );
#426 = CARTESIAN_POINT ( 'NONE',  ( 14.46057797615640084, 6.373112050953039009, 8.999999999999998224 ) ) ;
#427 = AXIS2_PLACEMENT_3D ( 'NONE', #133, #1334, #443 ) ;
#428 = CARTESIAN_POINT ( 'NONE',  ( 20.46057797615641149, 1.967254235611368918, 6.577827698372167298 ) ) ;
#429 = VERTEX_POINT ( 'NONE', #296 ) ;
#430 = EDGE_CURVE ( 'NONE', #528, #543, #807, .T. ) ;
#431 = AXIS2_PLACEMENT_3D ( 'NONE', #994, #1128, #455 ) ;
#432 = DIRECTION ( 'NONE',  ( -1.000000000000000000, 0.0000000000000000000, 0.0000000000000000000 ) ) ;
#433 = CARTESIAN_POINT ( 'NONE',  ( 6.460577976156402613, -6.373112050953037233, 15.00000000000000000 ) ) ;
#434 = CONICAL_SURFACE ( 'NONE', #614, 4.500000000000000000, 0.07853981633974554954 ) ;
#435 = MECHANICAL_DESIGN_GEOMETRIC_PRESENTATION_REPRESENTATION (  '', ( #263 ), #410 ) ;
#436 = CARTESIAN_POINT ( 'NONE',  ( 20.46057797615640439, -6.373112050953037233, -1.410835607841010633E-15 ) ) ;
#437 = EDGE_CURVE ( 'NONE', #456, #632, #693, .T. ) ;
#438 = LINE ( 'NONE', #56, #51 ) ;
#439 = ORIENTED_EDGE ( 'NONE', *, *, #240, .F. ) ;
#440 = AXIS2_PLACEMENT_3D ( 'NONE', #458, #38, #24 ) ;
#441 = DIRECTION ( 'NONE',  ( -0.0000000000000000000, -0.0000000000000000000, -1.000000000000000000 ) ) ;
#442 = CIRCLE ( 'NONE', #248, 2.296352208910662718 ) ;
#443 = DIRECTION ( 'NONE',  ( -1.000000000000000000, 1.776356839400250465E-15, 0.0000000000000000000 ) ) ;
#444 = ORIENTED_EDGE ( 'NONE', *, *, #1360, .T. ) ;
#445 = DIRECTION ( 'NONE',  ( -1.000000000000000000, 0.0000000000000000000, 0.0000000000000000000 ) ) ;
#446 = DIRECTION ( 'NONE',  ( 0.0000000000000000000, 0.0000000000000000000, -1.000000000000000000 ) ) ;
#447 =( NAMED_UNIT ( * ) PLANE_ANGLE_UNIT ( ) SI_UNIT ( $, .RADIAN. ) );
#448 = VECTOR ( 'NONE', #580, 1000.000000000000000 ) ;
#449 = ORIENTED_EDGE ( 'NONE', *, *, #709, .F. ) ;
#450 = VECTOR ( 'NONE', #947, 1000.000000000000000 ) ;
#451 =( NAMED_UNIT ( * ) SI_UNIT ( $, .STERADIAN. ) SOLID_ANGLE_UNIT ( ) );
#452 = EDGE_CURVE ( 'NONE', #469, #353, #851, .T. ) ;
#453 =( GEOMETRIC_REPRESENTATION_CONTEXT ( 3 ) GLOBAL_UNCERTAINTY_ASSIGNED_CONTEXT ( ( #1271 ) ) GLOBAL_UNIT_ASSIGNED_CONTEXT ( ( #545, #72, #271 ) ) REPRESENTATION_CONTEXT ( 'NONE', 'WORKASPACE' ) );
#454 = ORIENTED_EDGE ( 'NONE', *, *, #106, .F. ) ;
#455 = DIRECTION ( 'NONE',  ( 1.000000000000000000, 0.0000000000000000000, 0.0000000000000000000 ) ) ;
#456 = VERTEX_POINT ( 'NONE', #604 ) ;
#457 = SURFACE_STYLE_FILL_AREA ( #334 ) ;
#458 = CARTESIAN_POINT ( 'NONE',  ( 0.0000000000000000000, 0.0000000000000000000, -28.00000000000000000 ) ) ;
#459 = CARTESIAN_POINT ( 'NONE',  ( 13.25245868687700934, 8.000000000000000000, 1.596789862880327426 ) ) ;
#460 = ADVANCED_FACE ( 'NONE', ( #506 ), #499, .T. ) ;
#461 = DIRECTION ( 'NONE',  ( 0.7064923111520943211, 0.0000000000000000000, -0.7077207177149560380 ) ) ;
#462 = COLOUR_RGB ( '',0.2509803921568627416, 0.2509803921568627416, 0.2509803921568627416 ) ;
#463 = EDGE_LOOP ( 'NONE', ( #99, #1005, #1301, #672 ) ) ;
#464 = CARTESIAN_POINT ( 'NONE',  ( 16.10114413449568360, -6.147962268193318813, 2.826146476917099193 ) ) ;
#465 = CARTESIAN_POINT ( 'NONE',  ( 8.460577976156400837, -0.3731120509530370111, 12.00000000000000000 ) ) ;
#466 = CARTESIAN_POINT ( 'NONE',  ( 9.074999999999999289, 1.111366970226222929E-15, 25.50000000000000000 ) ) ;
#467 = ADVANCED_BREP_SHAPE_REPRESENTATION ( 'ENV-45-pH', ( #1112, #431 ), #762 ) ;
#468 = AXIS2_PLACEMENT_3D ( 'NONE', #821, #925, #70 ) ;
#469 = VERTEX_POINT ( 'NONE', #1251 ) ;
#470 = DIRECTION ( 'NONE',  ( 1.000000000000000000, 0.0000000000000000000, 0.0000000000000000000 ) ) ;
#471 = PRESENTATION_STYLE_ASSIGNMENT (( #53 ) ) ;
#472 = CARTESIAN_POINT ( 'NONE',  ( 7.870396483089731277, -6.373112050953037233, 0.0000000000000000000 ) ) ;
#473 = CARTESIAN_POINT ( 'NONE',  ( 8.460577976156400837, 0.3731120509530387874, 9.000000000000000000 ) ) ;
#474 = EDGE_CURVE ( 'NONE', #1145, #550, #760, .T. ) ;
#475 = EDGE_LOOP ( 'NONE', ( #1184, #739, #57, #1117, #360, #981 ) ) ;
#476 = COLOUR_RGB ( '',0.2509803921568627416, 0.2509803921568627416, 0.2509803921568627416 ) ;
#477 = APPLICATION_PROTOCOL_DEFINITION ( 'draft international standard', 'automotive_design', 1998, #242 ) ;
#478 = CARTESIAN_POINT ( 'NONE',  ( 13.25245868687701112, 6.373112050953039009, 1.596789862880328092 ) ) ;
#479 = DIRECTION ( 'NONE',  ( -1.000000000000000000, -0.0000000000000000000, -0.0000000000000000000 ) ) ;
#480 = CARTESIAN_POINT ( 'NONE',  ( 14.46057797615640084, 6.373112050953038121, 12.00000000000000000 ) ) ;
#481 =( NAMED_UNIT ( * ) PLANE_ANGLE_UNIT ( ) SI_UNIT ( $, .RADIAN. ) );
#482 = ORIENTED_EDGE ( 'NONE', *, *, #814, .F. ) ;
#483 = ORIENTED_EDGE ( 'NONE', *, *, #564, .F. ) ;
#484 = SURFACE_STYLE_USAGE ( .BOTH. , #802 ) ;
#485 = FILL_AREA_STYLE_COLOUR ( '', #819 ) ;
#486 = CARTESIAN_POINT ( 'NONE',  ( 18.73923011132465533, 4.579432997602275179, 4.859467615247526240 ) ) ;
#487 = B_SPLINE_CURVE_WITH_KNOTS ( 'NONE', 3,
 ( #943, #603, #835, #182, #618, #1043, #77, #1059, #512, #924, #97, #519, #532, #525, #312, #433 ),
 .UNSPECIFIED., .F., .F.,
 ( 4, 2, 2, 2, 2, 2, 2, 4 ),
 ( 0.0000000000000000000, 0.0008574644447911713985, 0.001286196667186756664, 0.001714928889582342146, 0.002143661111977927629, 0.002572393334373512461, 0.003001125556769098160, 0.003429857779164683425 ),
 .UNSPECIFIED. ) ;
#488 = SURFACE_STYLE_USAGE ( .BOTH. , #806 ) ;
#489 = FILL_AREA_STYLE ('',( #937 ) ) ;
#490 = EDGE_LOOP ( 'NONE', ( #1195, #363, #913, #1204, #1344, #185, #919, #568 ) ) ;
#491 = AXIS2_PLACEMENT_3D ( 'NONE', #473, #19, #1194 ) ;
#492 = MECHANICAL_DESIGN_GEOMETRIC_PRESENTATION_REPRESENTATION (  '', ( #1330 ), #317 ) ;
#493 = EDGE_CURVE ( 'NONE', #1163, #550, #1038, .T. ) ;
#494 = DIRECTION ( 'NONE',  ( -0.0000000000000000000, 1.000000000000000000, -0.0000000000000000000 ) ) ;
#495 = SURFACE_SIDE_STYLE ('',( #910 ) ) ;
#496 = EDGE_CURVE ( 'NONE', #184, #1145, #1044, .T. ) ;
#497 = VECTOR ( 'NONE', #775, 1000.000000000000000 ) ;
#498 = DIRECTION ( 'NONE',  ( 0.0000000000000000000, 1.360970482009174558E-16, -1.000000000000000000 ) ) ;
#499 = PLANE ( 'NONE',  #468 ) ;
#500 = ORIENTED_EDGE ( 'NONE', *, *, #132, .F. ) ;
#501 = ORIENTED_EDGE ( 'NONE', *, *, #963, .T. ) ;
#502 = DIRECTION ( 'NONE',  ( -1.000000000000000000, 0.0000000000000000000, 0.0000000000000000000 ) ) ;
#503 = AXIS2_PLACEMENT_3D ( 'NONE', #1291, #761, #11 ) ;
#504 = AXIS2_PLACEMENT_3D ( 'NONE', #641, #102, #1070 ) ;
#505 = PLANE ( 'NONE',  #510 ) ;
#506 = FACE_OUTER_BOUND ( 'NONE', #359, .T. ) ;
#507 = MECHANICAL_DESIGN_GEOMETRIC_PRESENTATION_REPRESENTATION (  '', ( #1280 ), #177 ) ;
#508 = ORIENTED_EDGE ( 'NONE', *, *, #282, .F. ) ;
#509 = DIRECTION ( 'NONE',  ( -0.0000000000000000000, -0.0000000000000000000, -1.000000000000000000 ) ) ;
#510 = AXIS2_PLACEMENT_3D ( 'NONE', #1267, #498, #936 ) ;
#511 = DIRECTION ( 'NONE',  ( 0.0000000000000000000, 0.0000000000000000000, 1.000000000000000000 ) ) ;
#512 = CARTESIAN_POINT ( 'NONE',  ( 6.906211246549400329, -6.373112050953036345, 13.64051308753315794 ) ) ;
#513 = VERTEX_POINT ( 'NONE', #78 ) ;
#514 = ADVANCED_FACE ( 'NONE', ( #190 ), #1160, .T. ) ;
#515 = UNCERTAINTY_MEASURE_WITH_UNIT (LENGTH_MEASURE( 1.000000000000000082E-05 ), #251, 'distance_accuracy_value', 'NONE');
#516 = SURFACE_STYLE_FILL_AREA ( #392 ) ;
#517 = CARTESIAN_POINT ( 'NONE',  ( 14.46057797615640261, -0.3731120509530370111, 0.0000000000000000000 ) ) ;
#518 = CARTESIAN_POINT ( 'NONE',  ( 20.46057797615640439, -0.3731120509530370111, 0.0000000000000000000 ) ) ;
#519 = CARTESIAN_POINT ( 'NONE',  ( 6.576753890243323575, -6.373112050953038121, 14.28537211614257885 ) ) ;
#520 = CARTESIAN_POINT ( 'NONE',  ( 1.300000000000000044, 0.0000000000000000000, -28.00000000000000000 ) ) ;
#521 = COLOUR_RGB ( '',0.7921568627450980005, 0.8196078431372548767, 0.9333333333333333481 ) ;
#522 = ORIENTED_EDGE ( 'NONE', *, *, #626, .T. ) ;
#523 = EDGE_CURVE ( 'NONE', #325, #1353, #1341, .T. ) ;
#524 = SURFACE_STYLE_FILL_AREA ( #310 ) ;
#525 = CARTESIAN_POINT ( 'NONE',  ( 6.475917398687261795, -6.373112050953037233, 14.70699114380577477 ) ) ;
#526 = PRESENTATION_LAYER_ASSIGNMENT (  '', '', ( #344 ) ) ;
#527 = ORIENTED_EDGE ( 'NONE', *, *, #48, .T. ) ;
#528 = VERTEX_POINT ( 'NONE', #1140 ) ;
#529 = PRESENTATION_STYLE_ASSIGNMENT (( #1180 ) ) ;
#530 = AXIS2_PLACEMENT_3D ( 'NONE', #538, #1077, #1173 ) ;
#531 = ADVANCED_FACE ( 'NONE', ( #588 ), #798, .T. ) ;
#532 = CARTESIAN_POINT ( 'NONE',  ( 6.534095991890290556, -6.373112050953037233, 14.42331408104442581 ) ) ;
#533 = DIRECTION ( 'NONE',  ( 0.0000000000000000000, 1.000000000000000000, 0.0000000000000000000 ) ) ;
#534 = ORIENTED_EDGE ( 'NONE', *, *, #987, .F. ) ;
#535 = PRESENTATION_STYLE_ASSIGNMENT (( #228 ) ) ;
#536 = CARTESIAN_POINT ( 'NONE',  ( 0.0000000000000000000, 0.0000000000000000000, 126.0000000000000000 ) ) ;
#537 = SURFACE_STYLE_FILL_AREA ( #845 ) ;
#538 = CARTESIAN_POINT ( 'NONE',  ( 0.0000000000000000000, 0.0000000000000000000, 0.0000000000000000000 ) ) ;
#539 = STYLED_ITEM ( 'NONE', ( #41 ), #540 ) ;
#540 = ADVANCED_FACE ( 'NONE', ( #1132 ), #43, .T. ) ;
#541 = LINE ( 'NONE', #753, #1358 ) ;
#542 = LINE ( 'NONE', #652, #76 ) ;
#543 = VERTEX_POINT ( 'NONE', #699 ) ;
#544 = CARTESIAN_POINT ( 'NONE',  ( 6.460577976156402613, -6.373112050953037233, 25.50000000000000000 ) ) ;
#545 =( LENGTH_UNIT ( ) NAMED_UNIT ( * ) SI_UNIT ( .MILLI., .METRE. ) );
#546 = UNCERTAINTY_MEASURE_WITH_UNIT (LENGTH_MEASURE( 1.000000000000000082E-05 ), #1063, 'distance_accuracy_value', 'NONE');
#547 = DIRECTION ( 'NONE',  ( -0.0000000000000000000, 1.000000000000000000, 1.360970482009174805E-16 ) ) ;
#548 = DIRECTION ( 'NONE',  ( -0.9586959294355099637, 0.0000000000000000000, -0.2844329708099674336 ) ) ;
#549 = CIRCLE ( 'NONE', #126, 9.074999999999999289 ) ;
#550 = VERTEX_POINT ( 'NONE', #687 ) ;
#551 = STYLED_ITEM ( 'NONE', ( #1264 ), #1020 ) ;
#552 = DIRECTION ( 'NONE',  ( 0.0000000000000000000, 0.0000000000000000000, 1.000000000000000000 ) ) ;
#553 =( LENGTH_UNIT ( ) NAMED_UNIT ( * ) SI_UNIT ( .MILLI., .METRE. ) );
#554 = PRESENTATION_STYLE_ASSIGNMENT (( #674 ) ) ;
#555 = CARTESIAN_POINT ( 'NONE',  ( 16.48848010587351354, 6.023604338679619197, 3.060989413517201552 ) ) ;
#556 = CARTESIAN_POINT ( 'NONE',  ( -1.300000000000000044, 1.592040838891559095E-16, -28.00000000000000000 ) ) ;
#557 = EDGE_CURVE ( 'NONE', #563, #353, #175, .T. ) ;
#558 = ORIENTED_EDGE ( 'NONE', *, *, #178, .F. ) ;
#559 = FILL_AREA_STYLE_COLOUR ( '', #141 ) ;
#560 = FILL_AREA_STYLE_COLOUR ( '', #343 ) ;
#561 = CYLINDRICAL_SURFACE ( 'NONE', #637, 9.074999999999999289 ) ;
#562 = CARTESIAN_POINT ( 'NONE',  ( -2.296352208910662718, 0.0000000000000000000, -28.00000000000000000 ) ) ;
#563 = VERTEX_POINT ( 'NONE', #472 ) ;
#564 = EDGE_CURVE ( 'NONE', #872, #689, #887, .T. ) ;
#565 = ORIENTED_EDGE ( 'NONE', *, *, #273, .F. ) ;
#566 = DIRECTION ( 'NONE',  ( -1.000000000000000000, 0.0000000000000000000, -0.0000000000000000000 ) ) ;
#567 = FACE_OUTER_BOUND ( 'NONE', #1047, .T. ) ;
#568 = ORIENTED_EDGE ( 'NONE', *, *, #557, .F. ) ;
#569 = EDGE_LOOP ( 'NONE', ( #522, #944, #756, #444 ) ) ;
#570 = AXIS2_PLACEMENT_3D ( 'NONE', #616, #1025, #601 ) ;
#571 = DIRECTION ( 'NONE',  ( -1.000000000000000000, -0.0000000000000000000, -0.0000000000000000000 ) ) ;
#572 = CIRCLE ( 'NONE', #1123, 1.300000000000000044 ) ;
#573 = ORIENTED_EDGE ( 'NONE', *, *, #28, .T. ) ;
#574 =( NAMED_UNIT ( * ) PLANE_ANGLE_UNIT ( ) SI_UNIT ( $, .RADIAN. ) );
#575 = VECTOR ( 'NONE', #613, 1000.000000000000227 ) ;
#576 = CARTESIAN_POINT ( 'NONE',  ( 18.47155993316936318, -4.851705987184144142, 4.592262038163390514 ) ) ;
#577 = FILL_AREA_STYLE ('',( #348 ) ) ;
#578 =( NAMED_UNIT ( * ) SI_UNIT ( $, .STERADIAN. ) SOLID_ANGLE_UNIT ( ) );
#579 = ADVANCED_FACE ( 'NONE', ( #902 ), #167, .F. ) ;
#580 = DIRECTION ( 'NONE',  ( -0.0000000000000000000, -0.0000000000000000000, -1.000000000000000000 ) ) ;
#581 = ORIENTED_EDGE ( 'NONE', *, *, #1197, .T. ) ;
#582 = SURFACE_STYLE_FILL_AREA ( #695 ) ;
#583 = ORIENTED_EDGE ( 'NONE', *, *, #493, .T. ) ;
#584 = DIRECTION ( 'NONE',  ( 1.000000000000000000, 0.0000000000000000000, 0.0000000000000000000 ) ) ;
#585 =( GEOMETRIC_REPRESENTATION_CONTEXT ( 3 ) GLOBAL_UNCERTAINTY_ASSIGNED_CONTEXT ( ( #231 ) ) GLOBAL_UNIT_ASSIGNED_CONTEXT ( ( #1288, #639, #15 ) ) REPRESENTATION_CONTEXT ( 'NONE', 'WORKASPACE' ) );
#586 = CARTESIAN_POINT ( 'NONE',  ( 0.0000000000000000000, 0.0000000000000000000, 0.0000000000000000000 ) ) ;
#587 = FILL_AREA_STYLE_COLOUR ( '', #971 ) ;
#588 = FACE_OUTER_BOUND ( 'NONE', #855, .T. ) ;
#589 = AXIS2_PLACEMENT_3D ( 'NONE', #1242, #1026, #1042 ) ;
#590 = VERTEX_POINT ( 'NONE', #1027 ) ;
#591 = AXIS2_PLACEMENT_3D ( 'NONE', #517, #305, #1166 ) ;
#592 = ORIENTED_EDGE ( 'NONE', *, *, #557, .T. ) ;
#593 = COLOUR_RGB ( '',0.2509803921568627416, 0.2509803921568627416, 0.2509803921568627416 ) ;
#594 = CARTESIAN_POINT ( 'NONE',  ( 18.17838854427693107, -5.097919766687741827, 4.323226872350806715 ) ) ;
#595 = FILL_AREA_STYLE ('',( #1348 ) ) ;
#596 = DIRECTION ( 'NONE',  ( 0.0000000000000000000, 0.0000000000000000000, -1.000000000000000000 ) ) ;
#597 = AXIS2_PLACEMENT_3D ( 'NONE', #1116, #274, #911 ) ;
#598 = ORIENTED_EDGE ( 'NONE', *, *, #939, .F. ) ;
#599 = ORIENTED_EDGE ( 'NONE', *, *, #723, .F. ) ;
#600 = EDGE_CURVE ( 'NONE', #138, #220, #442, .T. ) ;
#601 = DIRECTION ( 'NONE',  ( -1.000000000000000000, 0.0000000000000000000, -0.0000000000000000000 ) ) ;
#602 = LINE ( 'NONE', #75, #615 ) ;
#603 = CARTESIAN_POINT ( 'NONE',  ( 8.195742324923829258, -6.373112050953036345, 12.51223940555410508 ) ) ;
#604 = CARTESIAN_POINT ( 'NONE',  ( 14.46057797615640261, -6.373112050953037233, 2.020998237202814352 ) ) ;
#605 = EDGE_LOOP ( 'NONE', ( #1097, #636, #1199, #957 ) ) ;
#606 = ORIENTED_EDGE ( 'NONE', *, *, #4, .T. ) ;
#607 = ADVANCED_FACE ( 'NONE', ( #69 ), #1010, .T. ) ;
#608 = LINE ( 'NONE', #1162, #40 ) ;
#609 = CYLINDRICAL_SURFACE ( 'NONE', #1350, 1.300000000000000044 ) ;
#610 = UNCERTAINTY_MEASURE_WITH_UNIT (LENGTH_MEASURE( 1.000000000000000082E-05 ), #869, 'distance_accuracy_value', 'NONE');
#611 = DIRECTION ( 'NONE',  ( 0.0000000000000000000, 0.0000000000000000000, 1.000000000000000000 ) ) ;
#612 = SURFACE_SIDE_STYLE ('',( #706 ) ) ;
#613 = DIRECTION ( 'NONE',  ( -0.02617694830787320806, -3.205751595668264751E-18, -0.9996573249755572599 ) ) ;
#614 = AXIS2_PLACEMENT_3D ( 'NONE', #586, #817, #946 ) ;
#615 = VECTOR ( 'NONE', #479, 1000.000000000000000 ) ;
#616 = CARTESIAN_POINT ( 'NONE',  ( 0.0000000000000000000, 0.0000000000000000000, -115.9999999999999858 ) ) ;
#617 = FACE_OUTER_BOUND ( 'NONE', #823, .T. ) ;
#618 = CARTESIAN_POINT ( 'NONE',  ( 7.490867844534458087, -6.373112050953035457, 13.00053378964904027 ) ) ;
#619 = PRODUCT ( 'ENV-45-pH', 'ENV-45-pH', '', ( #793 ) ) ;
#620 = SURFACE_STYLE_USAGE ( .BOTH. , #199 ) ;
#621 = CARTESIAN_POINT ( 'NONE',  ( 6.894813136757029781, 6.373112050953039009, 13.63981090488146286 ) ) ;
#622 = CIRCLE ( 'NONE', #1009, 13.00000000000000178 ) ;
#623 =( NAMED_UNIT ( * ) SI_UNIT ( $, .STERADIAN. ) SOLID_ANGLE_UNIT ( ) );
#624 = DIRECTION ( 'NONE',  ( 0.0000000000000000000, 0.0000000000000000000, 1.000000000000000000 ) ) ;
#625 = FACE_OUTER_BOUND ( 'NONE', #490, .T. ) ;
#626 = EDGE_CURVE ( 'NONE', #809, #325, #142, .T. ) ;
#627 = UNCERTAINTY_MEASURE_WITH_UNIT (LENGTH_MEASURE( 1.000000000000000082E-05 ), #1139, 'distance_accuracy_value', 'NONE');
#628 = STYLED_ITEM ( 'NONE', ( #535 ), #300 ) ;
#629 =( LENGTH_UNIT ( ) NAMED_UNIT ( * ) SI_UNIT ( .MILLI., .METRE. ) );
#630 = FILL_AREA_STYLE ('',( #846 ) ) ;
#631 = STYLED_ITEM ( 'NONE', ( #1075 ), #1391 ) ;
#632 = VERTEX_POINT ( 'NONE', #888 ) ;
#633 = ORIENTED_EDGE ( 'NONE', *, *, #1074, .T. ) ;
#634 = CARTESIAN_POINT ( 'NONE',  ( 19.44200566659663210, 6.373112050953039009, 3.433150257615831702 ) ) ;
#635 = AXIS2_PLACEMENT_3D ( 'NONE', #157, #58, #502 ) ;
#636 = ORIENTED_EDGE ( 'NONE', *, *, #313, .T. ) ;
#637 = AXIS2_PLACEMENT_3D ( 'NONE', #880, #1094, #1008 ) ;
#638 = EDGE_CURVE ( 'NONE', #701, #325, #393, .T. ) ;
#639 =( NAMED_UNIT ( * ) PLANE_ANGLE_UNIT ( ) SI_UNIT ( $, .RADIAN. ) );
#640 = EDGE_CURVE ( 'NONE', #843, #1365, #783, .T. ) ;
#641 = CARTESIAN_POINT ( 'NONE',  ( 0.0000000000000000000, 0.0000000000000000000, 25.50000000000000000 ) ) ;
#642 = CIRCLE ( 'NONE', #1236, 4.050382588188293553 ) ;
#643 = DIRECTION ( 'NONE',  ( 1.000000000000000000, 0.0000000000000000000, 0.0000000000000000000 ) ) ;
#644 = CARTESIAN_POINT ( 'NONE',  ( 15.91006603724366641, 6.198972282905200970, 2.716894230421152745 ) ) ;
#645 =( LENGTH_UNIT ( ) NAMED_UNIT ( * ) SI_UNIT ( .MILLI., .METRE. ) );
#646 = ORIENTED_EDGE ( 'NONE', *, *, #1110, .T. ) ;
#647 = FILL_AREA_STYLE_COLOUR ( '', #476 ) ;
#648 = PRESENTATION_LAYER_ASSIGNMENT (  '', '', ( #212 ) ) ;
#649 = CARTESIAN_POINT ( 'NONE',  ( 19.44200566659663210, -6.373112050953037233, 3.433150257615832146 ) ) ;
#650 = COLOUR_RGB ( '',0.9960784313725490335, 0.9960784313725490335, 1.000000000000000000 ) ;
#651 = CIRCLE ( 'NONE', #876, 4.500000000000000000 ) ;
#652 = CARTESIAN_POINT ( 'NONE',  ( 20.46057797615640439, 0.3731120509530387874, 0.0000000000000000000 ) ) ;
#653 = ORIENTED_EDGE ( 'NONE', *, *, #670, .T. ) ;
#654 = B_SPLINE_CURVE_WITH_KNOTS ( 'NONE', 3,
 ( #711, #172, #382, #900, #464, #1345, #1354, #364, #1032, #594, #576, #377 ),
 .UNSPECIFIED., .F., .F.,
 ( 4, 2, 2, 2, 2, 4 ),
 ( 0.0000000000000000000, 0.001379905339008977204, 0.002069858008513468083, 0.002759810678017959179, 0.004139716017026930962, 0.005519621356035903613 ),
 .UNSPECIFIED. ) ;
#655 = DIRECTION ( 'NONE',  ( -0.0000000000000000000, -0.0000000000000000000, 1.000000000000000000 ) ) ;
#656 = CARTESIAN_POINT ( 'NONE',  ( 6.460577976156400837, 6.373112050953039009, 25.50000000000000000 ) ) ;
#657 = UNCERTAINTY_MEASURE_WITH_UNIT (LENGTH_MEASURE( 1.000000000000000082E-05 ), #425, 'distance_accuracy_value', 'NONE');
#658 = CIRCLE ( 'NONE', #1205, 1.300000000000000044 ) ;
#659 = PRESENTATION_LAYER_ASSIGNMENT (  '', '', ( #1276 ) ) ;
#660 = CARTESIAN_POINT ( 'NONE',  ( 14.89534076722897105, 6.373112050953041674, 2.198161226527487688 ) ) ;
#661 = PRESENTATION_LAYER_ASSIGNMENT (  '', '', ( #771 ) ) ;
#662 = EDGE_CURVE ( 'NONE', #207, #456, #622, .T. ) ;
#663 = CARTESIAN_POINT ( 'NONE',  ( 0.0000000000000000000, 0.0000000000000000000, 12.00000000000000000 ) ) ;
#664 = ORIENTED_EDGE ( 'NONE', *, *, #1152, .T. ) ;
#665 = PRESENTATION_LAYER_ASSIGNMENT (  '', '', ( #1280 ) ) ;
#666 = DIRECTION ( 'NONE',  ( -0.0000000000000000000, -0.0000000000000000000, 1.000000000000000000 ) ) ;
#667 = DIRECTION ( 'NONE',  ( 1.000000000000000000, 0.0000000000000000000, 0.0000000000000000000 ) ) ;
#668 = CARTESIAN_POINT ( 'NONE',  ( 13.25245868687701112, -6.373112050953037233, 1.596789862880328537 ) ) ;
#669 = AXIS2_PLACEMENT_3D ( 'NONE', #47, #1326, #288 ) ;
#670 = EDGE_CURVE ( 'NONE', #683, #1377, #1193, .T. ) ;
#671 =( BOUNDED_CURVE ( )  B_SPLINE_CURVE ( 3, ( #5, #428, #395, #486 ),
 .UNSPECIFIED., .F., .F. ) 
 B_SPLINE_CURVE_WITH_KNOTS ( ( 4, 4 ),
 ( 0.0000000000000000000, 0.7768737478435956412 ),
 .UNSPECIFIED. ) 
 CURVE ( )  GEOMETRIC_REPRESENTATION_ITEM ( )  RATIONAL_B_SPLINE_CURVE ( ( 1.000000000000000000, 0.9503348080649958174, 0.9503348080649958174, 1.000000000000000000 ) ) 
 REPRESENTATION_ITEM ( '' )  );
#672 = ORIENTED_EDGE ( 'NONE', *, *, #914, .T. ) ;
#673 = FILL_AREA_STYLE ('',( #560 ) ) ;
#674 = SURFACE_STYLE_USAGE ( .BOTH. , #336 ) ;
#675 = CIRCLE ( 'NONE', #896, 0.01353502573960291624 ) ;
#676 = EDGE_LOOP ( 'NONE', ( #162, #229 ) ) ;
#677 = CARTESIAN_POINT ( 'NONE',  ( 20.46057797615640439, -0.3731120509530370111, 8.999999999999998224 ) ) ;
#678 = CARTESIAN_POINT ( 'NONE',  ( 0.0000000000000000000, 0.0000000000000000000, 139.0000000000000000 ) ) ;
#679 = LINE ( 'NONE', #152, #734 ) ;
#680 =( NAMED_UNIT ( * ) PLANE_ANGLE_UNIT ( ) SI_UNIT ( $, .RADIAN. ) );
#681 = VECTOR ( 'NONE', #385, 1000.000000000000227 ) ;
#682 = VERTEX_POINT ( 'NONE', #404 ) ;
#683 = VERTEX_POINT ( 'NONE', #205 ) ;
#684 = FACE_OUTER_BOUND ( 'NONE', #1111, .T. ) ;
#685 = VECTOR ( 'NONE', #803, 1000.000000000000000 ) ;
#686 = EDGE_CURVE ( 'NONE', #694, #367, #572, .T. ) ;
#687 = CARTESIAN_POINT ( 'NONE',  ( 6.250000000000000000, 7.654042494670957606E-16, 25.50000000000000000 ) ) ;
#688 = CIRCLE ( 'NONE', #530, 9.074999999999999289 ) ;
#689 = VERTEX_POINT ( 'NONE', #302 ) ;
#690 = CARTESIAN_POINT ( 'NONE',  ( 8.460577976156400837, 6.373112050953039009, 12.39198214165409517 ) ) ;
#691 = FILL_AREA_STYLE ('',( #1331 ) ) ;
#692 = SURFACE_STYLE_FILL_AREA ( #281 ) ;
#693 = LINE ( 'NONE', #176, #1287 ) ;
#694 = VERTEX_POINT ( 'NONE', #520 ) ;
#695 = FILL_AREA_STYLE ('',( #787 ) ) ;
#696 = ORIENTED_EDGE ( 'NONE', *, *, #215, .T. ) ;
#697 = CARTESIAN_POINT ( 'NONE',  ( 0.0000000000000000000, 0.0000000000000000000, -28.00000000000000000 ) ) ;
#698 = MECHANICAL_DESIGN_GEOMETRIC_PRESENTATION_REPRESENTATION (  '', ( #631 ), #585 ) ;
#699 = CARTESIAN_POINT ( 'NONE',  ( 14.46057797615640261, 6.373112050953039009, 2.020998237202814352 ) ) ;
#700 = ADVANCED_FACE ( 'NONE', ( #725 ), #505, .F. ) ;
#701 = VERTEX_POINT ( 'NONE', #827 ) ;
#702 = CARTESIAN_POINT ( 'NONE',  ( 6.250000000000000000, 7.654042494670957606E-16, 41.99999999999999289 ) ) ;
#703 = STYLED_ITEM ( 'NONE', ( #1226 ), #253 ) ;
#704 =( NAMED_UNIT ( * ) SI_UNIT ( $, .STERADIAN. ) SOLID_ANGLE_UNIT ( ) );
#705 = DIRECTION ( 'NONE',  ( -1.000000000000000000, 0.0000000000000000000, 0.0000000000000000000 ) ) ;
#706 = SURFACE_STYLE_FILL_AREA ( #489 ) ;
#707 = ORIENTED_EDGE ( 'NONE', *, *, #333, .F. ) ;
#708 = VECTOR ( 'NONE', #1369, 1000.000000000000000 ) ;
#709 = EDGE_CURVE ( 'NONE', #33, #155, #487, .T. ) ;
#710 = ORIENTED_EDGE ( 'NONE', *, *, #452, .F. ) ;
#711 = CARTESIAN_POINT ( 'NONE',  ( 14.46057797615640261, -6.373112050953037233, 2.020998237202814352 ) ) ;
#712 = CARTESIAN_POINT ( 'NONE',  ( 0.0000000000000000000, 0.0000000000000000000, -28.00000000000000000 ) ) ;
#713 = CARTESIAN_POINT ( 'NONE',  ( 6.250000000000000000, 7.654042494670957606E-16, 41.99999999999999289 ) ) ;
#714 = LINE ( 'NONE', #1159, #398 ) ;
#715 = DIRECTION ( 'NONE',  ( -0.3826834323650905589, -4.686520405326307829E-17, -0.9238795325112864054 ) ) ;
#716 = CIRCLE ( 'NONE', #830, 12.07499999999999929 ) ;
#717 = SURFACE_SIDE_STYLE ('',( #722 ) ) ;
#718 = PRESENTATION_STYLE_ASSIGNMENT (( #87 ) ) ;
#719 = SURFACE_STYLE_FILL_AREA ( #1371 ) ;
#720 = UNCERTAINTY_MEASURE_WITH_UNIT (LENGTH_MEASURE( 1.000000000000000082E-05 ), #1239, 'distance_accuracy_value', 'NONE');
#721 = PLANE ( 'NONE',  #504 ) ;
#722 = SURFACE_STYLE_FILL_AREA ( #733 ) ;
#723 = EDGE_CURVE ( 'NONE', #180, #1137, #115, .T. ) ;
#724 = CARTESIAN_POINT ( 'NONE',  ( 0.0000000000000000000, 0.0000000000000000000, 0.0000000000000000000 ) ) ;
#725 = FACE_OUTER_BOUND ( 'NONE', #1073, .T. ) ;
#726 = PRODUCT_DEFINITION_SHAPE ( 'NONE', 'NONE',  #899 ) ;
#727 = ORIENTED_EDGE ( 'NONE', *, *, #351, .T. ) ;
#728 = FACE_OUTER_BOUND ( 'NONE', #780, .T. ) ;
#729 = ORIENTED_EDGE ( 'NONE', *, *, #785, .T. ) ;
#730 = ORIENTED_EDGE ( 'NONE', *, *, #600, .F. ) ;
#731 = COLOUR_RGB ( '',0.2509803921568627416, 0.2509803921568627416, 0.2509803921568627416 ) ;
#732 = CARTESIAN_POINT ( 'NONE',  ( 0.0000000000000000000, 0.0000000000000000000, 146.0000000000000284 ) ) ;
#733 = FILL_AREA_STYLE ('',( #209 ) ) ;
#734 = VECTOR ( 'NONE', #1114, 1000.000000000000000 ) ;
#735 = DIRECTION ( 'NONE',  ( -0.0000000000000000000, -0.0000000000000000000, 1.000000000000000000 ) ) ;
#736 = COLOUR_RGB ( '',0.2509803921568627416, 0.2509803921568627416, 0.2509803921568627416 ) ;
#737 = DIRECTION ( 'NONE',  ( -0.0000000000000000000, 1.000000000000000000, -0.0000000000000000000 ) ) ;
#738 = EDGE_CURVE ( 'NONE', #1353, #429, #967, .T. ) ;
#739 = ORIENTED_EDGE ( 'NONE', *, *, #273, .T. ) ;
#740 = EDGE_CURVE ( 'NONE', #1252, #513, #292, .T. ) ;
#741 = DIRECTION ( 'NONE',  ( 1.000000000000000000, 0.0000000000000000000, 0.0000000000000000000 ) ) ;
#742 = AXIS2_PLACEMENT_3D ( 'NONE', #968, #241, #17 ) ;
#743 =( LENGTH_UNIT ( ) NAMED_UNIT ( * ) SI_UNIT ( .MILLI., .METRE. ) );
#744 = PRESENTATION_LAYER_ASSIGNMENT (  '', '', ( #703 ) ) ;
#745 = MECHANICAL_DESIGN_GEOMETRIC_PRESENTATION_REPRESENTATION (  '', ( #414 ), #243 ) ;
#746 = CARTESIAN_POINT ( 'NONE',  ( 8.460577976156400837, -6.373112050953037233, 12.39198214165409517 ) ) ;
#747 = COLOUR_RGB ( '',1.000000000000000000, 0.0000000000000000000, 0.0000000000000000000 ) ;
#748 = DIRECTION ( 'NONE',  ( -0.0000000000000000000, -0.0000000000000000000, -1.000000000000000000 ) ) ;
#749 = ORIENTED_EDGE ( 'NONE', *, *, #907, .F. ) ;
#750 = DIRECTION ( 'NONE',  ( 0.0000000000000000000, 0.0000000000000000000, -1.000000000000000000 ) ) ;
#751 = SURFACE_STYLE_USAGE ( .BOTH. , #766 ) ;
#752 = CIRCLE ( 'NONE', #1080, 4.500000000000000000 ) ;
#753 = CARTESIAN_POINT ( 'NONE',  ( -4.050382588188293553, -4.960288071946965451E-16, 126.0000000000000000 ) ) ;
#754 = STYLED_ITEM ( 'NONE', ( #1060 ), #20 ) ;
#755 = FILL_AREA_STYLE_COLOUR ( '', #731 ) ;
#756 = ORIENTED_EDGE ( 'NONE', *, *, #738, .T. ) ;
#757 = CARTESIAN_POINT ( 'NONE',  ( 8.460577976156400837, 6.373112050953039009, 9.000000000000000000 ) ) ;
#758 = SURFACE_SIDE_STYLE ('',( #457 ) ) ;
#759 = EDGE_CURVE ( 'NONE', #563, #180, #412, .T. ) ;
#760 = CIRCLE ( 'NONE', #1269, 6.250000000000000000 ) ;
#761 = DIRECTION ( 'NONE',  ( 0.0000000000000000000, 1.360970482009174558E-16, -1.000000000000000000 ) ) ;
#762 =( GEOMETRIC_REPRESENTATION_CONTEXT ( 3 ) GLOBAL_UNCERTAINTY_ASSIGNED_CONTEXT ( ( #867 ) ) GLOBAL_UNIT_ASSIGNED_CONTEXT ( ( #34, #574, #1014 ) ) REPRESENTATION_CONTEXT ( 'NONE', 'WORKASPACE' ) );
#763 = FILL_AREA_STYLE ('',( #755 ) ) ;
#764 = EDGE_LOOP ( 'NONE', ( #1119, #290, #42, #822 ) ) ;
#765 =( NAMED_UNIT ( * ) PLANE_ANGLE_UNIT ( ) SI_UNIT ( $, .RADIAN. ) );
#766 = SURFACE_SIDE_STYLE ('',( #781 ) ) ;
#767 = SURFACE_STYLE_USAGE ( .BOTH. , #139 ) ;
#768 = LINE ( 'NONE', #260, #1179 ) ;
#769 = ADVANCED_FACE ( 'NONE', ( #728 ), #1298, .T. ) ;
#770 = MECHANICAL_DESIGN_GEOMETRIC_PRESENTATION_REPRESENTATION (  '', ( #1276 ), #951 ) ;
#771 = STYLED_ITEM ( 'NONE', ( #299 ), #1234 ) ;
#772 = B_SPLINE_CURVE_WITH_KNOTS ( 'NONE', 3,
 ( #931, #401, #824, #202, #621, #1161, #407, #829, #1272, #304 ),
 .UNSPECIFIED., .F., .F.,
 ( 4, 2, 2, 2, 4 ),
 ( 0.0000000000000000000, 0.0008614466876482628540, 0.001722893375296525708, 0.002584340062944788345, 0.003445786750593051416 ),
 .UNSPECIFIED. ) ;
#773 = ORIENTED_EDGE ( 'NONE', *, *, #1253, .T. ) ;
#774 = AXIS2_PLACEMENT_3D ( 'NONE', #875, #52, #470 ) ;
#775 = DIRECTION ( 'NONE',  ( 0.0000000000000000000, 0.0000000000000000000, 1.000000000000000000 ) ) ;
#776 =( NAMED_UNIT ( * ) SI_UNIT ( $, .STERADIAN. ) SOLID_ANGLE_UNIT ( ) );
#777 =( NAMED_UNIT ( * ) PLANE_ANGLE_UNIT ( ) SI_UNIT ( $, .RADIAN. ) );
#778 = COLOUR_RGB ( '',0.2509803921568627416, 0.2509803921568627416, 0.2509803921568627416 ) ;
#779 = B_SPLINE_CURVE_WITH_KNOTS ( 'NONE', 3,
 ( #1191, #131, #853, #117, #109, #226, #555, #861, #644, #233, #660, #219 ),
 .UNSPECIFIED., .F., .F.,
 ( 4, 2, 2, 2, 2, 4 ),
 ( 4.249187360970369464E-18, 0.001380871290281605705, 0.002761742580563207074, 0.003452178225704007758, 0.004142613870844809310, 0.005523485161126408943 ),
 .UNSPECIFIED. ) ;
#780 = EDGE_LOOP ( 'NONE', ( #21, #527, #1362, #454, #1072 ) ) ;
#781 = SURFACE_STYLE_FILL_AREA ( #1319 ) ;
#782 = DIRECTION ( 'NONE',  ( -0.0000000000000000000, -0.0000000000000000000, 1.000000000000000000 ) ) ;
#783 = LINE ( 'NONE', #1157, #708 ) ;
#784 = CIRCLE ( 'NONE', #1217, 6.000000000000000000 ) ;
#785 = EDGE_CURVE ( 'NONE', #171, #801, #752, .T. ) ;
#786 = EDGE_LOOP ( 'NONE', ( #284, #664, #912, #926, #236 ) ) ;
#787 = FILL_AREA_STYLE_COLOUR ( '', #521 ) ;
#788 =( NAMED_UNIT ( * ) SI_UNIT ( $, .STERADIAN. ) SOLID_ANGLE_UNIT ( ) );
#789 =( NAMED_UNIT ( * ) SI_UNIT ( $, .STERADIAN. ) SOLID_ANGLE_UNIT ( ) );
#790 = DIRECTION ( 'NONE',  ( 0.0000000000000000000, 0.0000000000000000000, -1.000000000000000000 ) ) ;
#791 = COLOUR_RGB ( '',0.9960784313725490335, 0.9960784313725490335, 1.000000000000000000 ) ;
#792 = EDGE_LOOP ( 'NONE', ( #245, #1031, #214, #1231, #950 ) ) ;
#793 = PRODUCT_CONTEXT ( 'NONE', #242, 'mechanical' ) ;
#794 = LINE ( 'NONE', #192, #1277 ) ;
#795 = STYLED_ITEM ( 'NONE', ( #1225 ), #889 ) ;
#796 = SURFACE_STYLE_USAGE ( .BOTH. , #1034 ) ;
#797 =( NAMED_UNIT ( * ) SI_UNIT ( $, .STERADIAN. ) SOLID_ANGLE_UNIT ( ) );
#798 = PLANE ( 'NONE',  #1105 ) ;
#799 = CARTESIAN_POINT ( 'NONE',  ( 0.0000000000000000000, 0.0000000000000000000, 139.0000000000000000 ) ) ;
#800 = PRESENTATION_LAYER_ASSIGNMENT (  '', '', ( #866 ) ) ;
#801 = VERTEX_POINT ( 'NONE', #1087 ) ;
#802 = SURFACE_SIDE_STYLE ('',( #1024 ) ) ;
#803 = DIRECTION ( 'NONE',  ( 0.0000000000000000000, -1.000000000000000000, -1.360970482009174558E-16 ) ) ;
#804 = ADVANCED_FACE ( 'NONE', ( #868 ), #123, .T. ) ;
#805 = MECHANICAL_DESIGN_GEOMETRIC_PRESENTATION_REPRESENTATION (  '', ( #628 ), #1178 ) ;
#806 = SURFACE_SIDE_STYLE ('',( #692 ) ) ;
#807 = LINE ( 'NONE', #183, #234 ) ;
#808 = CIRCLE ( 'NONE', #427, 9.074999999999999289 ) ;
#809 = VERTEX_POINT ( 'NONE', #16 ) ;
#810 = APPLICATION_PROTOCOL_DEFINITION ( 'draft international standard', 'automotive_design', 1998, #216 ) ;
#811 = CARTESIAN_POINT ( 'NONE',  ( 4.050382588188293553, 0.0000000000000000000, 126.0000000000000000 ) ) ;
#812 = CARTESIAN_POINT ( 'NONE',  ( 10.46186509410818211, -6.029511070781841120, 12.00000000000000000 ) ) ;
#813 = DIRECTION ( 'NONE',  ( -0.0000000000000000000, -0.0000000000000000000, 1.000000000000000000 ) ) ;
#814 = EDGE_CURVE ( 'NONE', #1129, #1030, #642, .T. ) ;
#815 = DIRECTION ( 'NONE',  ( -0.0000000000000000000, -0.0000000000000000000, 1.000000000000000000 ) ) ;
#816 = ORIENTED_EDGE ( 'NONE', *, *, #106, .T. ) ;
#817 = DIRECTION ( 'NONE',  ( -0.0000000000000000000, -0.0000000000000000000, 1.000000000000000000 ) ) ;
#818 = CARTESIAN_POINT ( 'NONE',  ( 2.296352208910662718, -4.161565489260243240E-16, -28.00000000000000000 ) ) ;
#819 = COLOUR_RGB ( '',0.2509803921568627416, 0.2509803921568627416, 0.2509803921568627416 ) ;
#820 = SURFACE_SIDE_STYLE ('',( #1051 ) ) ;
#821 = CARTESIAN_POINT ( 'NONE',  ( 22.61852450941567838, 8.000000000000000000, 4.375583268496407996 ) ) ;
#822 = ORIENTED_EDGE ( 'NONE', *, *, #814, .T. ) ;
#823 = EDGE_LOOP ( 'NONE', ( #6, #270, #1222, #1261 ) ) ;
#824 = CARTESIAN_POINT ( 'NONE',  ( 6.520165694091396347, 6.373112050953039898, 14.42516816554729431 ) ) ;
#825 = SURFACE_STYLE_USAGE ( .BOTH. , #293 ) ;
#826 = DIRECTION ( 'NONE',  ( -1.000000000000000000, 0.0000000000000000000, 0.0000000000000000000 ) ) ;
#827 = CARTESIAN_POINT ( 'NONE',  ( 10.46186509410818211, -6.029511070781841120, 12.00000000000000000 ) ) ;
#828 = ORIENTED_EDGE ( 'NONE', *, *, #1088, .T. ) ;
#829 = CARTESIAN_POINT ( 'NONE',  ( 7.943211462781360588, 6.373112050953038121, 12.65888117011106573 ) ) ;
#830 = AXIS2_PLACEMENT_3D ( 'NONE', #663, #1096, #1229 ) ;
#831 = EDGE_CURVE ( 'NONE', #406, #469, #688, .T. ) ;
#832 = PRESENTATION_LAYER_ASSIGNMENT (  '', '', ( #54 ) ) ;
#833 = LINE ( 'NONE', #518, #450 ) ;
#834 = MECHANICAL_DESIGN_GEOMETRIC_PRESENTATION_REPRESENTATION (  '', ( #405 ), #1221 ) ;
#835 = CARTESIAN_POINT ( 'NONE',  ( 7.947647570524383198, -6.373112050953037233, 12.65631440519629081 ) ) ;
#836 = EDGE_LOOP ( 'NONE', ( #1135, #653 ) ) ;
#837 = UNCERTAINTY_MEASURE_WITH_UNIT (LENGTH_MEASURE( 1.000000000000000082E-05 ), #168, 'distance_accuracy_value', 'NONE');
#838 = FILL_AREA_STYLE_COLOUR ( '', #149 ) ;
#839 = PRESENTATION_LAYER_ASSIGNMENT (  '', '', ( #414 ) ) ;
#840 = DIRECTION ( 'NONE',  ( 0.0000000000000000000, 0.0000000000000000000, 1.000000000000000000 ) ) ;
#841 =( LENGTH_UNIT ( ) NAMED_UNIT ( * ) SI_UNIT ( .MILLI., .METRE. ) );
#842 = CARTESIAN_POINT ( 'NONE',  ( 0.0000000000000000000, 0.0000000000000000000, 0.0000000000000000000 ) ) ;
#843 = VERTEX_POINT ( 'NONE', #860 ) ;
#844 = MECHANICAL_DESIGN_GEOMETRIC_PRESENTATION_REPRESENTATION (  '', ( #206 ), #91 ) ;
#845 = FILL_AREA_STYLE ('',( #960 ) ) ;
#846 = FILL_AREA_STYLE_COLOUR ( '', #462 ) ;
#847 = ADVANCED_FACE ( 'NONE', ( #421, #962 ), #211, .F. ) ;
#848 = CARTESIAN_POINT ( 'NONE',  ( 18.73923011132465533, 4.579432997602275179, 4.859467615247526240 ) ) ;
#849 = ORIENTED_EDGE ( 'NONE', *, *, #73, .T. ) ;
#850 = SURFACE_STYLE_FILL_AREA ( #9 ) ;
#851 = CIRCLE ( 'NONE', #1378, 9.074999999999999289 ) ;
#852 = CARTESIAN_POINT ( 'NONE',  ( 0.0000000000000000000, 0.0000000000000000000, 126.0000000000000000 ) ) ;
#853 = CARTESIAN_POINT ( 'NONE',  ( 18.18088014996495616, 5.095786902289798803, 4.325533729247696968 ) ) ;
#854 = EDGE_CURVE ( 'NONE', #220, #138, #326, .T. ) ;
#855 = EDGE_LOOP ( 'NONE', ( #391, #389, #297, #985 ) ) ;
#856 = DIRECTION ( 'NONE',  ( 0.0000000000000000000, 0.0000000000000000000, 1.000000000000000000 ) ) ;
#857 = CARTESIAN_POINT ( 'NONE',  ( 18.73923011132465888, -4.579432997602273403, 4.859467615247528016 ) ) ;
#858 = FACE_OUTER_BOUND ( 'NONE', #143, .T. ) ;
#859 = PRESENTATION_LAYER_ASSIGNMENT (  '', '', ( #197 ) ) ;
#860 = CARTESIAN_POINT ( 'NONE',  ( 8.460577976156400837, 6.373112050953039009, 12.39198214165409517 ) ) ;
#861 = CARTESIAN_POINT ( 'NONE',  ( 16.10554006420997908, 6.146720097074212852, 2.828703947164155963 ) ) ;
#862 = AXIS2_PLACEMENT_3D ( 'NONE', #678, #1113, #667 ) ;
#863 = CARTESIAN_POINT ( 'NONE',  ( 0.0000000000000000000, 0.0000000000000000000, 41.99999999999999289 ) ) ;
#864 = VERTEX_POINT ( 'NONE', #885 ) ;
#865 = DIRECTION ( 'NONE',  ( 0.0000000000000000000, 0.0000000000000000000, 1.000000000000000000 ) ) ;
#866 = STYLED_ITEM ( 'NONE', ( #718 ), #700 ) ;
#867 = UNCERTAINTY_MEASURE_WITH_UNIT (LENGTH_MEASURE( 1.000000000000000082E-05 ), #34, 'distance_accuracy_value', 'NONE');
#868 = FACE_OUTER_BOUND ( 'NONE', #792, .T. ) ;
#869 =( LENGTH_UNIT ( ) NAMED_UNIT ( * ) SI_UNIT ( .MILLI., .METRE. ) );
#870 = MECHANICAL_DESIGN_GEOMETRIC_PRESENTATION_REPRESENTATION (  '', ( #754 ), #295 ) ;
#871 = DIRECTION ( 'NONE',  ( -0.0000000000000000000, -0.0000000000000000000, 1.000000000000000000 ) ) ;
#872 = VERTEX_POINT ( 'NONE', #30 ) ;
#873 = ADVANCED_FACE ( 'NONE', ( #130 ), #158, .F. ) ;
#874 = CARTESIAN_POINT ( 'NONE',  ( 20.46057797615640439, 6.373112050953039009, 9.000000000000000000 ) ) ;
#875 = CARTESIAN_POINT ( 'NONE',  ( 0.0000000000000000000, 0.0000000000000000000, 139.0000000000000000 ) ) ;
#876 = AXIS2_PLACEMENT_3D ( 'NONE', #1098, #750, #972 ) ;
#877 = ORIENTED_EDGE ( 'NONE', *, *, #370, .T. ) ;
#878 = SURFACE_SIDE_STYLE ('',( #237 ) ) ;
#879 =( NAMED_UNIT ( * ) PLANE_ANGLE_UNIT ( ) SI_UNIT ( $, .RADIAN. ) );
#880 = CARTESIAN_POINT ( 'NONE',  ( 0.0000000000000000000, 0.0000000000000000000, 25.50000000000000000 ) ) ;
#881 = MECHANICAL_DESIGN_GEOMETRIC_PRESENTATION_REPRESENTATION (  '', ( #771 ), #930 ) ;
#882 = ORIENTED_EDGE ( 'NONE', *, *, #1152, .F. ) ;
#883 = SHAPE_DEFINITION_REPRESENTATION ( #726, #467 ) ;
#884 = ORIENTED_EDGE ( 'NONE', *, *, #640, .T. ) ;
#885 = CARTESIAN_POINT ( 'NONE',  ( 20.46057797615640439, 0.3731120509530387874, 6.577827698372168186 ) ) ;
#886 = SURFACE_SIDE_STYLE ('',( #1016 ) ) ;
#887 = CIRCLE ( 'NONE', #597, 0.01353502573960291624 ) ;
#888 = CARTESIAN_POINT ( 'NONE',  ( 14.46057797615640084, -6.373112050953036345, 8.999999999999996447 ) ) ;
#889 = ADVANCED_FACE ( 'NONE', ( #893 ), #908, .T. ) ;
#890 = ORIENTED_EDGE ( 'NONE', *, *, #350, .F. ) ;
#891 = ORIENTED_EDGE ( 'NONE', *, *, #1068, .F. ) ;
#892 = FILL_AREA_STYLE_COLOUR ( '', #323 ) ;
#893 = FACE_OUTER_BOUND ( 'NONE', #463, .T. ) ;
#894 = DIRECTION ( 'NONE',  ( -0.0000000000000000000, -0.0000000000000000000, -1.000000000000000000 ) ) ;
#895 = CARTESIAN_POINT ( 'NONE',  ( 20.46057797615640439, -6.373112050953037233, -1.410835607841010633E-15 ) ) ;
#896 = AXIS2_PLACEMENT_3D ( 'NONE', #119, #969, #13 ) ;
#897 = CARTESIAN_POINT ( 'NONE',  ( 0.0000000000000000000, 0.0000000000000000000, 41.99999999999999289 ) ) ;
#898 = ORIENTED_EDGE ( 'NONE', *, *, #1110, .F. ) ;
#899 = PRODUCT_DEFINITION ( 'UNKNOWN', '', #1181, #1308 ) ;
#900 = CARTESIAN_POINT ( 'NONE',  ( 15.90594488808234885, -6.199981461118190040, 2.714595655107349792 ) ) ;
#901 =( LENGTH_UNIT ( ) NAMED_UNIT ( * ) SI_UNIT ( .MILLI., .METRE. ) );
#902 = FACE_OUTER_BOUND ( 'NONE', #569, .T. ) ;
#903 =( NAMED_UNIT ( * ) SI_UNIT ( $, .STERADIAN. ) SOLID_ANGLE_UNIT ( ) );
#904 = AXIS2_PLACEMENT_3D ( 'NONE', #1279, #1, #741 ) ;
#905 = ORIENTED_EDGE ( 'NONE', *, *, #48, .F. ) ;
#906 = CARTESIAN_POINT ( 'NONE',  ( 9.620570231824453700, 6.262412003379790093, 12.05704311973613407 ) ) ;
#907 = EDGE_CURVE ( 'NONE', #220, #171, #151, .T. ) ;
#908 = CONICAL_SURFACE ( 'NONE', #862, 2.913029962351277646, 0.3926990816987250277 ) ;
#909 = CARTESIAN_POINT ( 'NONE',  ( 20.46057797615640439, 6.373112050953039009, 9.000000000000000000 ) ) ;
#910 = SURFACE_STYLE_FILL_AREA ( #164 ) ;
#911 = DIRECTION ( 'NONE',  ( 1.000000000000000000, 0.0000000000000000000, 0.0000000000000000000 ) ) ;
#912 = ORIENTED_EDGE ( 'NONE', *, *, #1382, .T. ) ;
#913 = ORIENTED_EDGE ( 'NONE', *, *, #437, .T. ) ;
#914 = EDGE_CURVE ( 'NONE', #682, #422, #266, .T. ) ;
#915 = FACE_OUTER_BOUND ( 'NONE', #170, .T. ) ;
#916 = SURFACE_SIDE_STYLE ('',( #1035 ) ) ;
#917 = CARTESIAN_POINT ( 'NONE',  ( 14.46057797615640084, -0.3731120509530370111, 0.0000000000000000000 ) ) ;
#918 = MECHANICAL_DESIGN_GEOMETRIC_PRESENTATION_REPRESENTATION (  '', ( #212 ), #358 ) ;
#919 = ORIENTED_EDGE ( 'NONE', *, *, #1338, .T. ) ;
#920 = FILL_AREA_STYLE ('',( #892 ) ) ;
#921 = PRESENTATION_LAYER_ASSIGNMENT (  '', '', ( #405 ) ) ;
#922 = CYLINDRICAL_SURFACE ( 'NONE', #934, 13.00000000000000178 ) ;
#923 = CARTESIAN_POINT ( 'NONE',  ( -6.250000000000000000, 0.0000000000000000000, 41.99999999999999289 ) ) ;
#924 = CARTESIAN_POINT ( 'NONE',  ( 6.754194253269717230, -6.373112050953039009, 13.88616925746599939 ) ) ;
#925 = DIRECTION ( 'NONE',  ( 0.2844329708099674336, 0.0000000000000000000, -0.9586959294355099637 ) ) ;
#926 = ORIENTED_EDGE ( 'NONE', *, *, #1307, .F. ) ;
#927 = MECHANICAL_DESIGN_GEOMETRIC_PRESENTATION_REPRESENTATION (  '', ( #1357 ), #453 ) ;
#928 = CIRCLE ( 'NONE', #503, 6.000000000000000000 ) ;
#929 = ORIENTED_EDGE ( 'NONE', *, *, #409, .T. ) ;
#930 =( GEOMETRIC_REPRESENTATION_CONTEXT ( 3 ) GLOBAL_UNCERTAINTY_ASSIGNED_CONTEXT ( ( #546 ) ) GLOBAL_UNIT_ASSIGNED_CONTEXT ( ( #1063, #945, #311 ) ) REPRESENTATION_CONTEXT ( 'NONE', 'WORKASPACE' ) );
#931 = CARTESIAN_POINT ( 'NONE',  ( 6.460577976156400837, 6.373112050953039009, 15.00000000000000000 ) ) ;
#932 = DIRECTION ( 'NONE',  ( 0.0000000000000000000, -1.000000000000000000, 0.0000000000000000000 ) ) ;
#933 = PRESENTATION_STYLE_ASSIGNMENT (( #1249 ) ) ;
#934 = AXIS2_PLACEMENT_3D ( 'NONE', #92, #932, #1355 ) ;
#935 = UNCERTAINTY_MEASURE_WITH_UNIT (LENGTH_MEASURE( 1.000000000000000082E-05 ), #991, 'distance_accuracy_value', 'NONE');
#936 = DIRECTION ( 'NONE',  ( 0.0000000000000000000, 1.000000000000000000, 1.360970482009174558E-16 ) ) ;
#937 = FILL_AREA_STYLE_COLOUR ( '', #1018 ) ;
#938 = FILL_AREA_STYLE_COLOUR ( '', #95 ) ;
#939 = EDGE_CURVE ( 'NONE', #632, #1232, #46, .T. ) ;
#940 = UNCERTAINTY_MEASURE_WITH_UNIT (LENGTH_MEASURE( 1.000000000000000082E-05 ), #629, 'distance_accuracy_value', 'NONE');
#941 = DIRECTION ( 'NONE',  ( 1.000000000000000000, 0.0000000000000000000, -0.0000000000000000000 ) ) ;
#942 = CARTESIAN_POINT ( 'NONE',  ( 0.0000000000000000000, 0.0000000000000000000, 41.99999999999999289 ) ) ;
#943 = CARTESIAN_POINT ( 'NONE',  ( 8.460577976156400837, -6.373112050953037233, 12.39198214165409517 ) ) ;
#944 = ORIENTED_EDGE ( 'NONE', *, *, #523, .T. ) ;
#945 =( NAMED_UNIT ( * ) PLANE_ANGLE_UNIT ( ) SI_UNIT ( $, .RADIAN. ) );
#946 = DIRECTION ( 'NONE',  ( -1.000000000000000000, 0.0000000000000000000, 0.0000000000000000000 ) ) ;
#947 = DIRECTION ( 'NONE',  ( 0.0000000000000000000, 0.0000000000000000000, -1.000000000000000000 ) ) ;
#948 = DIRECTION ( 'NONE',  ( -0.0000000000000000000, 1.000000000000000000, 0.0000000000000000000 ) ) ;
#949 =( LENGTH_UNIT ( ) NAMED_UNIT ( * ) SI_UNIT ( .MILLI., .METRE. ) );
#950 = ORIENTED_EDGE ( 'NONE', *, *, #1360, .F. ) ;
#951 =( GEOMETRIC_REPRESENTATION_CONTEXT ( 3 ) GLOBAL_UNCERTAINTY_ASSIGNED_CONTEXT ( ( #515 ) ) GLOBAL_UNIT_ASSIGNED_CONTEXT ( ( #251, #1312, #29 ) ) REPRESENTATION_CONTEXT ( 'NONE', 'WORKASPACE' ) );
#952 = COLOUR_RGB ( '',0.2509803921568627416, 0.2509803921568627416, 0.2509803921568627416 ) ;
#953 = ADVANCED_FACE ( 'NONE', ( #984 ), #561, .T. ) ;
#954 = LINE ( 'NONE', #402, #386 ) ;
#955 = DIRECTION ( 'NONE',  ( 1.000000000000000000, 0.0000000000000000000, 0.0000000000000000000 ) ) ;
#956 = EDGE_LOOP ( 'NONE', ( #877, #1101, #71, #1304 ) ) ;
#957 = ORIENTED_EDGE ( 'NONE', *, *, #1307, .T. ) ;
#958 = VECTOR ( 'NONE', #547, 1000.000000000000000 ) ;
#959 = SURFACE_STYLE_USAGE ( .BOTH. , #878 ) ;
#960 = FILL_AREA_STYLE_COLOUR ( '', #952 ) ;
#961 = EDGE_CURVE ( 'NONE', #1336, #1395, #371, .T. ) ;
#962 = FACE_OUTER_BOUND ( 'NONE', #276, .T. ) ;
#963 = EDGE_CURVE ( 'NONE', #701, #33, #1185, .T. ) ;
#964 = LINE ( 'NONE', #649, #322 ) ;
#965 = ORIENTED_EDGE ( 'NONE', *, *, #638, .F. ) ;
#966 = VECTOR ( 'NONE', #790, 1000.000000000000000 ) ;
#967 = LINE ( 'NONE', #426, #958 ) ;
#968 = CARTESIAN_POINT ( 'NONE',  ( 0.0000000000000000000, 0.0000000000000000000, -115.9999999999999858 ) ) ;
#969 = DIRECTION ( 'NONE',  ( 0.0000000000000000000, 0.0000000000000000000, 1.000000000000000000 ) ) ;
#970 = ORIENTED_EDGE ( 'NONE', *, *, #496, .F. ) ;
#971 = COLOUR_RGB ( '',0.2509803921568627416, 0.2509803921568627416, 0.2509803921568627416 ) ;
#972 = DIRECTION ( 'NONE',  ( -1.000000000000000000, 0.0000000000000000000, 0.0000000000000000000 ) ) ;
#973 = PRESENTATION_STYLE_ASSIGNMENT (( #1297 ) ) ;
#974 = STYLED_ITEM ( 'NONE', ( #973 ), #1100 ) ;
#975 = CIRCLE ( 'NONE', #1001, 13.00000000000000178 ) ;
#976 = MECHANICAL_DESIGN_GEOMETRIC_PRESENTATION_REPRESENTATION (  '', ( #37 ), #287 ) ;
#977 = DIRECTION ( 'NONE',  ( -1.000000000000000000, 0.0000000000000000000, 0.0000000000000000000 ) ) ;
#978 = STYLED_ITEM ( 'NONE', ( #1248 ), #995 ) ;
#979 = EDGE_CURVE ( 'NONE', #1232, #33, #608, .T. ) ;
#980 = CARTESIAN_POINT ( 'NONE',  ( 20.46057797615640439, -0.3731120509530370111, 6.577827698372168186 ) ) ;
#981 = ORIENTED_EDGE ( 'NONE', *, *, #1215, .F. ) ;
#982 = CARTESIAN_POINT ( 'NONE',  ( 19.85680905520224115, -3.442636353910582425, 5.975106752539246280 ) ) ;
#983 = DIRECTION ( 'NONE',  ( 1.000000000000000000, 0.0000000000000000000, 0.0000000000000000000 ) ) ;
#984 = FACE_OUTER_BOUND ( 'NONE', #475, .T. ) ;
#985 = ORIENTED_EDGE ( 'NONE', *, *, #222, .T. ) ;
#986 = SURFACE_SIDE_STYLE ('',( #850 ) ) ;
#987 = EDGE_CURVE ( 'NONE', #590, #49, #1147, .T. ) ;
#988 = PRESENTATION_STYLE_ASSIGNMENT (( #347 ) ) ;
#989 = COLOUR_RGB ( '',1.000000000000000000, 0.0000000000000000000, 0.0000000000000000000 ) ;
#990 =( NAMED_UNIT ( * ) PLANE_ANGLE_UNIT ( ) SI_UNIT ( $, .RADIAN. ) );
#991 =( LENGTH_UNIT ( ) NAMED_UNIT ( * ) SI_UNIT ( .MILLI., .METRE. ) );
#992 =( GEOMETRIC_REPRESENTATION_CONTEXT ( 3 ) GLOBAL_UNCERTAINTY_ASSIGNED_CONTEXT ( ( #129 ) ) GLOBAL_UNIT_ASSIGNED_CONTEXT ( ( #362, #1136, #1022 ) ) REPRESENTATION_CONTEXT ( 'NONE', 'WORKASPACE' ) );
#993 = ORIENTED_EDGE ( 'NONE', *, *, #1215, .T. ) ;
#994 = CARTESIAN_POINT ( 'NONE',  ( 0.0000000000000000000, 0.0000000000000000000, 0.0000000000000000000 ) ) ;
#995 = ADVANCED_FACE ( 'NONE', ( #187 ), #193, .T. ) ;
#996 = ORIENTED_EDGE ( 'NONE', *, *, #1338, .F. ) ;
#997 = FILL_AREA_STYLE_COLOUR ( '', #383 ) ;
#998 = ADVANCED_FACE ( 'NONE', ( #915 ), #922, .T. ) ;
#999 = LINE ( 'NONE', #459, #1107 ) ;
#1000 = AXIS2_PLACEMENT_3D ( 'NONE', #36, #238, #23 ) ;
#1001 = AXIS2_PLACEMENT_3D ( 'NONE', #318, #737, #124 ) ;
#1002 = DIRECTION ( 'NONE',  ( 0.0000000000000000000, -1.000000000000000000, 0.0000000000000000000 ) ) ;
#1003 =( GEOMETRIC_REPRESENTATION_CONTEXT ( 3 ) GLOBAL_UNCERTAINTY_ASSIGNED_CONTEXT ( ( #657 ) ) GLOBAL_UNIT_ASSIGNED_CONTEXT ( ( #425, #1289, #1265 ) ) REPRESENTATION_CONTEXT ( 'NONE', 'WORKASPACE' ) );
#1004 = MECHANICAL_DESIGN_GEOMETRIC_PRESENTATION_REPRESENTATION (  '', ( #978 ), #1190 ) ;
#1005 = ORIENTED_EDGE ( 'NONE', *, *, #409, .F. ) ;
#1006 = ORIENTED_EDGE ( 'NONE', *, *, #215, .F. ) ;
#1007 = LINE ( 'NONE', #656, #85 ) ;
#1008 = DIRECTION ( 'NONE',  ( -1.000000000000000000, 0.0000000000000000000, 0.0000000000000000000 ) ) ;
#1009 = AXIS2_PLACEMENT_3D ( 'NONE', #413, #397, #611 ) ;
#1010 = CYLINDRICAL_SURFACE ( 'NONE', #669, 6.000000000000000000 ) ;
#1011 = CARTESIAN_POINT ( 'NONE',  ( 6.460577976156401725, 6.373112050953039009, 0.0000000000000000000 ) ) ;
#1012 = CLOSED_SHELL ( 'NONE', ( #1315, #1020, #255, #169, #1263, #1100, #953, #1391, #1050, #769, #460, #847, #300, #20, #700, #253, #1234, #873, #579, #607, #804, #1192, #531, #998, #1293, #514, #1176, #889, #1029, #540, #1125, #196, #995 ) ) ;
#1013 = ORIENTED_EDGE ( 'NONE', *, *, #390, .T. ) ;
#1014 =( NAMED_UNIT ( * ) SI_UNIT ( $, .STERADIAN. ) SOLID_ANGLE_UNIT ( ) );
#1015 = CARTESIAN_POINT ( 'NONE',  ( 14.46057797615640084, 6.373112050953038121, 12.00000000000000000 ) ) ;
#1016 = SURFACE_STYLE_FILL_AREA ( #691 ) ;
#1017 = DIRECTION ( 'NONE',  ( -0.0000000000000000000, -0.0000000000000000000, -1.000000000000000000 ) ) ;
#1018 = COLOUR_RGB ( '',0.2509803921568627416, 0.2509803921568627416, 0.2509803921568627416 ) ;
#1019 = CARTESIAN_POINT ( 'NONE',  ( -9.074999999999999289, 0.0000000000000000000, 25.50000000000000000 ) ) ;
#1020 = ADVANCED_FACE ( 'NONE', ( #384 ), #434, .T. ) ;
#1021 = ORIENTED_EDGE ( 'NONE', *, *, #1349, .T. ) ;
#1022 =( NAMED_UNIT ( * ) SI_UNIT ( $, .STERADIAN. ) SOLID_ANGLE_UNIT ( ) );
#1023 = VERTEX_POINT ( 'NONE', #1069 ) ;
#1024 = SURFACE_STYLE_FILL_AREA ( #920 ) ;
#1025 = DIRECTION ( 'NONE',  ( 0.0000000000000000000, 0.0000000000000000000, -1.000000000000000000 ) ) ;
#1026 = DIRECTION ( 'NONE',  ( -0.0000000000000000000, -0.0000000000000000000, -1.000000000000000000 ) ) ;
#1027 = CARTESIAN_POINT ( 'NONE',  ( 18.73923011132465888, -4.579432997602273403, 4.859467615247528016 ) ) ;
#1028 = AXIS2_PLACEMENT_3D ( 'NONE', #1224, #1120, #264 ) ;
#1029 = ADVANCED_FACE ( 'NONE', ( #1064 ), #1388, .T. ) ;
#1030 = VERTEX_POINT ( 'NONE', #408 ) ;
#1031 = ORIENTED_EDGE ( 'NONE', *, *, #640, .F. ) ;
#1032 = CARTESIAN_POINT ( 'NONE',  ( 17.54917504858927657, -5.531260119325448699, 3.800315278108241213 ) ) ;
#1033 = VECTOR ( 'NONE', #494, 1000.000000000000000 ) ;
#1034 = SURFACE_SIDE_STYLE ('',( #1347 ) ) ;
#1035 = SURFACE_STYLE_FILL_AREA ( #595 ) ;
#1036 = DIRECTION ( 'NONE',  ( -0.7077207177149560380, 0.0000000000000000000, -0.7064923111520943211 ) ) ;
#1037 = AXIS2_PLACEMENT_3D ( 'NONE', #218, #735, #977 ) ;
#1038 = LINE ( 'NONE', #713, #1243 ) ;
#1039 = ORIENTED_EDGE ( 'NONE', *, *, #1253, .F. ) ;
#1040 = PRESENTATION_STYLE_ASSIGNMENT (( #484 ) ) ;
#1041 = CARTESIAN_POINT ( 'NONE',  ( 8.460577976156400837, -6.373112050953037233, 12.39198214165409517 ) ) ;
#1042 = DIRECTION ( 'NONE',  ( 1.000000000000000000, 0.0000000000000000000, 0.0000000000000000000 ) ) ;
#1043 = CARTESIAN_POINT ( 'NONE',  ( 7.279041014946022514, -6.373112050953036345, 13.19620816641399585 ) ) ;
#1044 = LINE ( 'NONE', #1158, #254 ) ;
#1045 = ORIENTED_EDGE ( 'NONE', *, *, #1133, .F. ) ;
#1046 = CIRCLE ( 'NONE', #491, 6.000000000000000000 ) ;
#1047 = EDGE_LOOP ( 'NONE', ( #565, #291, #993, #1079, #996, #1109 ) ) ;
#1048 = CARTESIAN_POINT ( 'NONE',  ( 8.781095230720882938, 6.373112050953039898, 12.24644082994898220 ) ) ;
#1049 =( LENGTH_UNIT ( ) NAMED_UNIT ( * ) SI_UNIT ( .MILLI., .METRE. ) );
#1050 = ADVANCED_FACE ( 'NONE', ( #1374 ), #1171, .T. ) ;
#1051 = SURFACE_STYLE_FILL_AREA ( #1274 ) ;
#1052 = SURFACE_STYLE_USAGE ( .BOTH. , #612 ) ;
#1053 = PLANE ( 'NONE',  #1083 ) ;
#1054 = MECHANICAL_DESIGN_GEOMETRIC_PRESENTATION_REPRESENTATION (  '', ( #197 ), #1164 ) ;
#1055 = PRESENTATION_LAYER_ASSIGNMENT (  '', '', ( #263 ) ) ;
#1056 = FACE_BOUND ( 'NONE', #1296, .T. ) ;
#1057 = DIRECTION ( 'NONE',  ( 1.000000000000000000, 0.0000000000000000000, 0.0000000000000000000 ) ) ;
#1058 = AXIS2_PLACEMENT_3D ( 'NONE', #724, #204, #1384 ) ;
#1059 = CARTESIAN_POINT ( 'NONE',  ( 6.991291560116710713, -6.373112050953037233, 13.52396608867395322 ) ) ;
#1060 = PRESENTATION_STYLE_ASSIGNMENT (( #620 ) ) ;
#1061 = AXIS2_PLACEMENT_3D ( 'NONE', #1392, #1066, #955 ) ;
#1062 = UNCERTAINTY_MEASURE_WITH_UNIT (LENGTH_MEASURE( 1.000000000000000082E-05 ), #949, 'distance_accuracy_value', 'NONE');
#1063 =( LENGTH_UNIT ( ) NAMED_UNIT ( * ) SI_UNIT ( .MILLI., .METRE. ) );
#1064 = FACE_OUTER_BOUND ( 'NONE', #1084, .T. ) ;
#1065 = DIRECTION ( 'NONE',  ( -1.000000000000000000, 0.0000000000000000000, 0.0000000000000000000 ) ) ;
#1066 = DIRECTION ( 'NONE',  ( 0.0000000000000000000, 0.0000000000000000000, 1.000000000000000000 ) ) ;
#1067 =( NAMED_UNIT ( * ) SI_UNIT ( $, .STERADIAN. ) SOLID_ANGLE_UNIT ( ) );
#1068 = EDGE_CURVE ( 'NONE', #422, #682, #262, .T. ) ;
#1069 = CARTESIAN_POINT ( 'NONE',  ( 10.46186509410818033, 6.029511070781843785, 12.00000000000000000 ) ) ;
#1070 = DIRECTION ( 'NONE',  ( 1.000000000000000000, 0.0000000000000000000, -0.0000000000000000000 ) ) ;
#1071 = CIRCLE ( 'NONE', #1352, 4.050382588188293553 ) ;
#1072 = ORIENTED_EDGE ( 'NONE', *, *, #313, .F. ) ;
#1073 = EDGE_LOOP ( 'NONE', ( #104, #415, #598, #1013, #345, #816, #898, #64 ) ) ;
#1074 = EDGE_CURVE ( 'NONE', #331, #1323, #1227, .T. ) ;
#1075 = PRESENTATION_STYLE_ASSIGNMENT (( #250 ) ) ;
#1076 = SURFACE_SIDE_STYLE ('',( #537 ) ) ;
#1077 = DIRECTION ( 'NONE',  ( 0.0000000000000000000, 0.0000000000000000000, 1.000000000000000000 ) ) ;
#1078 = CARTESIAN_POINT ( 'NONE',  ( 14.46057797615640261, 0.3731120509530387874, 9.000000000000000000 ) ) ;
#1079 = ORIENTED_EDGE ( 'NONE', *, *, #452, .T. ) ;
#1080 = AXIS2_PLACEMENT_3D ( 'NONE', #842, #1189, #1182 ) ;
#1081 = CARTESIAN_POINT ( 'NONE',  ( 6.460577976156401725, -6.373112050953037233, -1.410835607841010633E-15 ) ) ;
#1082 = LINE ( 'NONE', #544, #1202 ) ;
#1083 = AXIS2_PLACEMENT_3D ( 'NONE', #436, #1095, #1285 ) ;
#1084 = EDGE_LOOP ( 'NONE', ( #929, #1328 ) ) ;
#1085 = LINE ( 'NONE', #246, #1309 ) ;
#1086 = PRESENTATION_STYLE_ASSIGNMENT (( #751 ) ) ;
#1087 = CARTESIAN_POINT ( 'NONE',  ( 4.500000000000000000, -5.510910596163088569E-16, 0.0000000000000000000 ) ) ;
#1088 = EDGE_CURVE ( 'NONE', #406, #513, #1007, .T. ) ;
#1089 = DIRECTION ( 'NONE',  ( 0.0000000000000000000, 0.0000000000000000000, 1.000000000000000000 ) ) ;
#1090 = ORIENTED_EDGE ( 'NONE', *, *, #979, .F. ) ;
#1091 = PRESENTATION_LAYER_ASSIGNMENT (  '', '', ( #1330 ) ) ;
#1092 = CARTESIAN_POINT ( 'NONE',  ( 9.074999999999999289, 1.111366970226222929E-15, 25.50000000000000000 ) ) ;
#1093 = AXIS2_PLACEMENT_3D ( 'NONE', #1214, #1302, #445 ) ;
#1094 = DIRECTION ( 'NONE',  ( -0.0000000000000000000, -0.0000000000000000000, -1.000000000000000000 ) ) ;
#1095 = DIRECTION ( 'NONE',  ( 0.0000000000000000000, 1.000000000000000000, 0.0000000000000000000 ) ) ;
#1096 = DIRECTION ( 'NONE',  ( 0.0000000000000000000, 0.0000000000000000000, -1.000000000000000000 ) ) ;
#1097 = ORIENTED_EDGE ( 'NONE', *, *, #222, .F. ) ;
#1098 = CARTESIAN_POINT ( 'NONE',  ( 0.0000000000000000000, 0.0000000000000000000, 0.0000000000000000000 ) ) ;
#1099 = SURFACE_SIDE_STYLE ('',( #159 ) ) ;
#1100 = ADVANCED_FACE ( 'NONE', ( #45 ), #355, .T. ) ;
#1101 = ORIENTED_EDGE ( 'NONE', *, *, #333, .T. ) ;
#1102 = CARTESIAN_POINT ( 'NONE',  ( 20.46057797615640439, 0.0000000000000000000, 0.0000000000000000000 ) ) ;
#1103 = SURFACE_SIDE_STYLE ('',( #341 ) ) ;
#1104 =( BOUNDED_CURVE ( )  B_SPLINE_CURVE ( 3, ( #857, #982, #230, #1212 ),
 .UNSPECIFIED., .F., .F. ) 
 B_SPLINE_CURVE_WITH_KNOTS ( ( 4, 4 ),
 ( 2.364718905746197919, 3.141592653589793116 ),
 .UNSPECIFIED. ) 
 CURVE ( )  GEOMETRIC_REPRESENTATION_ITEM ( )  RATIONAL_B_SPLINE_CURVE ( ( 1.000000000000000000, 0.9503348080649960394, 0.9503348080649960394, 1.000000000000000000 ) ) 
 REPRESENTATION_ITEM ( '' )  );
#1105 = AXIS2_PLACEMENT_3D ( 'NONE', #1124, #461, #1036 ) ;
#1106 = DIRECTION ( 'NONE',  ( 0.0000000000000000000, -1.000000000000000000, 0.0000000000000000000 ) ) ;
#1107 = VECTOR ( 'NONE', #1106, 1000.000000000000000 ) ;
#1108 = PRESENTATION_LAYER_ASSIGNMENT (  '', '', ( #631 ) ) ;
#1109 = ORIENTED_EDGE ( 'NONE', *, *, #350, .T. ) ;
#1110 = EDGE_CURVE ( 'NONE', #1365, #528, #1306, .T. ) ;
#1111 = EDGE_LOOP ( 'NONE', ( #105, #1149, #890, #449, #1177, #707, #1045 ) ) ;
#1112 = MANIFOLD_SOLID_BREP ( 'Boss-Extrude10', #1012 ) ;
#1113 = DIRECTION ( 'NONE',  ( -0.0000000000000000000, -0.0000000000000000000, -1.000000000000000000 ) ) ;
#1114 = DIRECTION ( 'NONE',  ( 0.0000000000000000000, -1.000000000000000000, 0.0000000000000000000 ) ) ;
#1115 = CIRCLE ( 'NONE', #742, 1.300000000000000044 ) ;
#1116 = CARTESIAN_POINT ( 'NONE',  ( 0.0000000000000000000, 0.0000000000000000000, 146.0000000000000284 ) ) ;
#1117 = ORIENTED_EDGE ( 'NONE', *, *, #1088, .F. ) ;
#1118 = DIRECTION ( 'NONE',  ( 0.0000000000000000000, 0.0000000000000000000, 1.000000000000000000 ) ) ;
#1119 = ORIENTED_EDGE ( 'NONE', *, *, #28, .F. ) ;
#1120 = DIRECTION ( 'NONE',  ( -0.0000000000000000000, -0.0000000000000000000, -1.000000000000000000 ) ) ;
#1121 = FILL_AREA_STYLE_COLOUR ( '', #388 ) ;
#1122 = FILL_AREA_STYLE ('',( #31 ) ) ;
#1123 = AXIS2_PLACEMENT_3D ( 'NONE', #712, #198, #1257 ) ;
#1124 = CARTESIAN_POINT ( 'NONE',  ( 22.46640807813797380, 8.000000000000000000, 8.580176236511416477 ) ) ;
#1125 = ADVANCED_FACE ( 'NONE', ( #122, #858 ), #258, .T. ) ;
#1126 = SURFACE_STYLE_FILL_AREA ( #763 ) ;
#1127 = ORIENTED_EDGE ( 'NONE', *, *, #831, .F. ) ;
#1128 = DIRECTION ( 'NONE',  ( 0.0000000000000000000, 0.0000000000000000000, 1.000000000000000000 ) ) ;
#1129 = VERTEX_POINT ( 'NONE', #811 ) ;
#1130 = DIRECTION ( 'NONE',  ( 0.0000000000000000000, 0.0000000000000000000, 1.000000000000000000 ) ) ;
#1131 = LINE ( 'NONE', #60, #681 ) ;
#1132 = FACE_OUTER_BOUND ( 'NONE', #1286, .T. ) ;
#1133 = EDGE_CURVE ( 'NONE', #843, #1023, #1153, .T. ) ;
#1134 = CARTESIAN_POINT ( 'NONE',  ( 0.0000000000000000000, 0.0000000000000000000, 41.99999999999999289 ) ) ;
#1135 = ORIENTED_EDGE ( 'NONE', *, *, #94, .T. ) ;
#1136 =( NAMED_UNIT ( * ) PLANE_ANGLE_UNIT ( ) SI_UNIT ( $, .RADIAN. ) );
#1137 = VERTEX_POINT ( 'NONE', #478 ) ;
#1138 = CARTESIAN_POINT ( 'NONE',  ( 10.46186509410818033, 6.029511070781843785, 12.00000000000000000 ) ) ;
#1139 =( LENGTH_UNIT ( ) NAMED_UNIT ( * ) SI_UNIT ( .MILLI., .METRE. ) );
#1140 = CARTESIAN_POINT ( 'NONE',  ( 14.46057797615640084, 6.373112050953039009, 8.999999999999998224 ) ) ;
#1141 = AXIS2_PLACEMENT_3D ( 'NONE', #732, #511, #941 ) ;
#1142 = CARTESIAN_POINT ( 'NONE',  ( 0.0000000000000000000, 0.0000000000000000000, 25.50000000000000000 ) ) ;
#1143 = PRESENTATION_LAYER_ASSIGNMENT (  '', '', ( #37 ) ) ;
#1144 = COLOUR_RGB ( '',0.2509803921568627416, 0.2509803921568627416, 0.2509803921568627416 ) ;
#1145 = VERTEX_POINT ( 'NONE', #1337 ) ;
#1146 =( NAMED_UNIT ( * ) PLANE_ANGLE_UNIT ( ) SI_UNIT ( $, .RADIAN. ) );
#1147 = LINE ( 'NONE', #1154, #1033 ) ;
#1148 = DIRECTION ( 'NONE',  ( 1.000000000000000000, 0.0000000000000000000, 0.0000000000000000000 ) ) ;
#1149 = ORIENTED_EDGE ( 'NONE', *, *, #740, .F. ) ;
#1150 = EDGE_LOOP ( 'NONE', ( #730, #696, #375, #749 ) ) ;
#1151 = CARTESIAN_POINT ( 'NONE',  ( 10.29634915709041465, 6.088072164404864317, 11.99999999999999467 ) ) ;
#1152 = EDGE_CURVE ( 'NONE', #456, #590, #654, .T. ) ;
#1153 = B_SPLINE_CURVE_WITH_KNOTS ( 'NONE', 3,
 ( #690, #1048, #1233, #906, #50, #163, #1151, #1138 ),
 .UNSPECIFIED., .F., .F.,
 ( 4, 2, 2, 4 ),
 ( 0.0000000000000000000, 0.001039208784954723632, 0.001558813177432087941, 0.002078417569909452034 ),
 .UNSPECIFIED. ) ;
#1154 = CARTESIAN_POINT ( 'NONE',  ( 18.73923011132465888, 8.000000000000000000, 4.859467615247528904 ) ) ;
#1155 = FACE_OUTER_BOUND ( 'NONE', #354, .T. ) ;
#1156 = UNCERTAINTY_MEASURE_WITH_UNIT (LENGTH_MEASURE( 1.000000000000000082E-05 ), #645, 'distance_accuracy_value', 'NONE');
#1157 = CARTESIAN_POINT ( 'NONE',  ( 8.460577976156400837, 6.373112050953039009, 0.0000000000000000000 ) ) ;
#1158 = CARTESIAN_POINT ( 'NONE',  ( -6.250000000000000000, 0.0000000000000000000, 41.99999999999999289 ) ) ;
#1159 = CARTESIAN_POINT ( 'NONE',  ( 4.050382588188293553, 0.0000000000000000000, 126.0000000000000000 ) ) ;
#1160 = CONICAL_SURFACE ( 'NONE', #26, 6.250000000000000000, 0.02617993877991500046 ) ;
#1161 = CARTESIAN_POINT ( 'NONE',  ( 7.266799511816765644, 6.373112050953038121, 13.19462811813604119 ) ) ;
#1162 = CARTESIAN_POINT ( 'NONE',  ( 8.460577976156400837, -6.373112050953037233, -1.410835607841010633E-15 ) ) ;
#1163 = VERTEX_POINT ( 'NONE', #702 ) ;
#1164 =( GEOMETRIC_REPRESENTATION_CONTEXT ( 3 ) GLOBAL_UNCERTAINTY_ASSIGNED_CONTEXT ( ( #940 ) ) GLOBAL_UNIT_ASSIGNED_CONTEXT ( ( #629, #101, #623 ) ) REPRESENTATION_CONTEXT ( 'NONE', 'WORKASPACE' ) );
#1165 = SURFACE_STYLE_USAGE ( .BOTH. , #1381 ) ;
#1166 = DIRECTION ( 'NONE',  ( -1.000000000000000000, 0.0000000000000000000, 0.0000000000000000000 ) ) ;
#1167 = SURFACE_STYLE_USAGE ( .BOTH. , #10 ) ;
#1168 = EDGE_CURVE ( 'NONE', #1323, #331, #549, .T. ) ;
#1169 = LINE ( 'NONE', #1268, #575 ) ;
#1170 = UNCERTAINTY_MEASURE_WITH_UNIT (LENGTH_MEASURE( 1.000000000000000082E-05 ), #1320, 'distance_accuracy_value', 'NONE');
#1171 = CYLINDRICAL_SURFACE ( 'NONE', #591, 6.000000000000000000 ) ;
#1172 = FACE_OUTER_BOUND ( 'NONE', #256, .T. ) ;
#1173 = DIRECTION ( 'NONE',  ( 1.000000000000000000, 0.0000000000000000000, 0.0000000000000000000 ) ) ;
#1174 = CIRCLE ( 'NONE', #1240, 6.250000000000000000 ) ;
#1175 = ORIENTED_EDGE ( 'NONE', *, *, #351, .F. ) ;
#1176 = ADVANCED_FACE ( 'NONE', ( #1247 ), #221, .T. ) ;
#1177 = ORIENTED_EDGE ( 'NONE', *, *, #963, .F. ) ;
#1178 =( GEOMETRIC_REPRESENTATION_CONTEXT ( 3 ) GLOBAL_UNCERTAINTY_ASSIGNED_CONTEXT ( ( #1156 ) ) GLOBAL_UNIT_ASSIGNED_CONTEXT ( ( #645, #127, #903 ) ) REPRESENTATION_CONTEXT ( 'NONE', 'WORKASPACE' ) );
#1179 = VECTOR ( 'NONE', #39, 1000.000000000000114 ) ;
#1180 = SURFACE_STYLE_USAGE ( .BOTH. , #717 ) ;
#1181 = PRODUCT_DEFINITION_FORMATION_WITH_SPECIFIED_SOURCE ( 'ANY', '', #619, .NOT_KNOWN. ) ;
#1182 = DIRECTION ( 'NONE',  ( -1.000000000000000000, 0.0000000000000000000, 0.0000000000000000000 ) ) ;
#1183 =( NAMED_UNIT ( * ) PLANE_ANGLE_UNIT ( ) SI_UNIT ( $, .RADIAN. ) );
#1184 = ORIENTED_EDGE ( 'NONE', *, *, #1168, .F. ) ;
#1185 = B_SPLINE_CURVE_WITH_KNOTS ( 'NONE', 3,
 ( #812, #379, #173, #1241, #74, #1041 ),
 .UNSPECIFIED., .F., .F.,
 ( 4, 2, 4 ),
 ( 0.0000000000000000000, 0.001037343496131267612, 0.002074686992262535223 ),
 .UNSPECIFIED. ) ;
#1186 = CARTESIAN_POINT ( 'NONE',  ( 14.46057797615640084, -0.3731120509530370111, 8.999999999999996447 ) ) ;
#1187 = AXIS2_PLACEMENT_3D ( 'NONE', #697, #278, #65 ) ;
#1188 = CARTESIAN_POINT ( 'NONE',  ( 0.0000000000000000000, 0.0000000000000000000, 25.50000000000000000 ) ) ;
#1189 = DIRECTION ( 'NONE',  ( 0.0000000000000000000, 0.0000000000000000000, -1.000000000000000000 ) ) ;
#1190 =( GEOMETRIC_REPRESENTATION_CONTEXT ( 3 ) GLOBAL_UNCERTAINTY_ASSIGNED_CONTEXT ( ( #627 ) ) GLOBAL_UNIT_ASSIGNED_CONTEXT ( ( #1139, #285, #704 ) ) REPRESENTATION_CONTEXT ( 'NONE', 'WORKASPACE' ) );
#1191 = CARTESIAN_POINT ( 'NONE',  ( 18.73923011132465533, 4.579432997602275179, 4.859467615247526240 ) ) ;
#1192 = ADVANCED_FACE ( 'NONE', ( #684 ), #1207, .F. ) ;
#1193 = CIRCLE ( 'NONE', #1213, 1.300000000000000044 ) ;
#1194 = DIRECTION ( 'NONE',  ( 0.0000000000000000000, 1.000000000000000000, 0.0000000000000000000 ) ) ;
#1195 = ORIENTED_EDGE ( 'NONE', *, *, #66, .F. ) ;
#1196 = FILL_AREA_STYLE ('',( #223 ) ) ;
#1197 = EDGE_CURVE ( 'NONE', #872, #422, #794, .T. ) ;
#1198 = DIRECTION ( 'NONE',  ( -0.08715574274765836016, -1.067350013832299517E-17, -0.9961946980917455452 ) ) ;
#1199 = ORIENTED_EDGE ( 'NONE', *, *, #961, .T. ) ;
#1200 = AXIS2_PLACEMENT_3D ( 'NONE', #275, #1203, #330 ) ;
#1201 = UNCERTAINTY_MEASURE_WITH_UNIT (LENGTH_MEASURE( 1.000000000000000082E-05 ), #121, 'distance_accuracy_value', 'NONE');
#1202 = VECTOR ( 'NONE', #441, 1000.000000000000000 ) ;
#1203 = DIRECTION ( 'NONE',  ( 0.0000000000000000000, -1.000000000000000000, 0.0000000000000000000 ) ) ;
#1204 = ORIENTED_EDGE ( 'NONE', *, *, #939, .T. ) ;
#1205 = AXIS2_PLACEMENT_3D ( 'NONE', #280, #68, #826 ) ;
#1206 = CYLINDRICAL_SURFACE ( 'NONE', #80, 1.300000000000000044 ) ;
#1207 = TOROIDAL_SURFACE ( 'NONE', #635, 12.07499999999999929, 3.000000000000000000 ) ;
#1208 = SURFACE_STYLE_USAGE ( .BOTH. , #886 ) ;
#1209 = EDGE_CURVE ( 'NONE', #513, #843, #772, .T. ) ;
#1210 = PRESENTATION_LAYER_ASSIGNMENT (  '', '', ( #795 ) ) ;
#1211 = EDGE_LOOP ( 'NONE', ( #303, #558 ) ) ;
#1212 = CARTESIAN_POINT ( 'NONE',  ( 20.46057797615640439, -0.3731120509530370111, 6.577827698372168186 ) ) ;
#1213 = AXIS2_PLACEMENT_3D ( 'NONE', #1376, #98, #705 ) ;
#1214 = CARTESIAN_POINT ( 'NONE',  ( 0.0000000000000000000, 0.0000000000000000000, 41.99999999999999289 ) ) ;
#1215 = EDGE_CURVE ( 'NONE', #331, #469, #1366, .T. ) ;
#1216 = ORIENTED_EDGE ( 'NONE', *, *, #1327, .T. ) ;
#1217 = AXIS2_PLACEMENT_3D ( 'NONE', #112, #1295, #324 ) ;
#1218 = DIRECTION ( 'NONE',  ( -0.07845909572784565134, 0.0000000000000000000, 0.9969173337331278528 ) ) ;
#1219 = DIRECTION ( 'NONE',  ( 1.000000000000000000, 0.0000000000000000000, 0.0000000000000000000 ) ) ;
#1220 = DIRECTION ( 'NONE',  ( -1.000000000000000000, 0.0000000000000000000, 0.0000000000000000000 ) ) ;
#1221 =( GEOMETRIC_REPRESENTATION_CONTEXT ( 3 ) GLOBAL_UNCERTAINTY_ASSIGNED_CONTEXT ( ( #1201 ) ) GLOBAL_UNIT_ASSIGNED_CONTEXT ( ( #121, #765, #451 ) ) REPRESENTATION_CONTEXT ( 'NONE', 'WORKASPACE' ) );
#1222 = ORIENTED_EDGE ( 'NONE', *, *, #496, .T. ) ;
#1223 = PRESENTATION_STYLE_ASSIGNMENT (( #368 ) ) ;
#1224 = CARTESIAN_POINT ( 'NONE',  ( 0.0000000000000000000, 0.0000000000000000000, 126.0000000000000000 ) ) ;
#1225 = PRESENTATION_STYLE_ASSIGNMENT (( #767 ) ) ;
#1226 = PRESENTATION_STYLE_ASSIGNMENT (( #1208 ) ) ;
#1227 = CIRCLE ( 'NONE', #1000, 9.074999999999999289 ) ;
#1228 =( LENGTH_UNIT ( ) NAMED_UNIT ( * ) SI_UNIT ( .MILLI., .METRE. ) );
#1229 = DIRECTION ( 'NONE',  ( -1.000000000000000000, 0.0000000000000000000, 0.0000000000000000000 ) ) ;
#1230 = MECHANICAL_DESIGN_GEOMETRIC_PRESENTATION_REPRESENTATION (  '', ( #795 ), #416 ) ;
#1231 = ORIENTED_EDGE ( 'NONE', *, *, #370, .F. ) ;
#1232 = VERTEX_POINT ( 'NONE', #82 ) ;
#1233 = CARTESIAN_POINT ( 'NONE',  ( 9.112928850831089278, 6.347405497693465293, 12.15008376142630198 ) ) ;
#1234 = ADVANCED_FACE ( 'NONE', ( #1056, #1373 ), #721, .T. ) ;
#1235 = CARTESIAN_POINT ( 'NONE',  ( 0.0000000000000000000, 0.0000000000000000000, 25.50000000000000000 ) ) ;
#1236 = AXIS2_PLACEMENT_3D ( 'NONE', #852, #624, #643 ) ;
#1237 = FACE_OUTER_BOUND ( 'NONE', #1254, .T. ) ;
#1238 = ORIENTED_EDGE ( 'NONE', *, *, #1281, .F. ) ;
#1239 =( LENGTH_UNIT ( ) NAMED_UNIT ( * ) SI_UNIT ( .MILLI., .METRE. ) );
#1240 = AXIS2_PLACEMENT_3D ( 'NONE', #897, #856, #338 ) ;
#1241 = CARTESIAN_POINT ( 'NONE',  ( 9.122964333324567576, -6.346184340083646624, 12.14768323052740229 ) ) ;
#1242 = CARTESIAN_POINT ( 'NONE',  ( 0.0000000000000000000, 0.0000000000000000000, 126.0000000000000000 ) ) ;
#1243 = VECTOR ( 'NONE', #1361, 1000.000000000000000 ) ;
#1244 = DIRECTION ( 'NONE',  ( 1.000000000000000000, 0.0000000000000000000, 0.0000000000000000000 ) ) ;
#1245 = STYLED_ITEM ( 'NONE', ( #1223 ), #467 ) ;
#1246 = ORIENTED_EDGE ( 'NONE', *, *, #178, .T. ) ;
#1247 = FACE_OUTER_BOUND ( 'NONE', #764, .T. ) ;
#1248 = PRESENTATION_STYLE_ASSIGNMENT (( #796 ) ) ;
#1249 = SURFACE_STYLE_USAGE ( .BOTH. , #916 ) ;
#1250 = DIRECTION ( 'NONE',  ( -1.000000000000000000, -0.0000000000000000000, 0.0000000000000000000 ) ) ;
#1251 = CARTESIAN_POINT ( 'NONE',  ( -9.074999999999999289, 0.0000000000000000000, 0.0000000000000000000 ) ) ;
#1252 = VERTEX_POINT ( 'NONE', #217 ) ;
#1253 = EDGE_CURVE ( 'NONE', #550, #1145, #61, .T. ) ;
#1254 = EDGE_LOOP ( 'NONE', ( #399, #849, #599, #120, #828, #44, #884, #646 ) ) ;
#1255 = FILL_AREA_STYLE_COLOUR ( '', #747 ) ;
#1256 = FACE_OUTER_BOUND ( 'NONE', #111, .T. ) ;
#1257 = DIRECTION ( 'NONE',  ( -1.000000000000000000, 0.0000000000000000000, 0.0000000000000000000 ) ) ;
#1258 = AXIS2_PLACEMENT_3D ( 'NONE', #465, #1322, #357 ) ;
#1259 = DIRECTION ( 'NONE',  ( 1.000000000000000000, 0.0000000000000000000, 0.0000000000000000000 ) ) ;
#1260 = ORIENTED_EDGE ( 'NONE', *, *, #723, .T. ) ;
#1261 = ORIENTED_EDGE ( 'NONE', *, *, #474, .T. ) ;
#1262 = CARTESIAN_POINT ( 'NONE',  ( -9.074999999999999289, 0.0000000000000000000, 25.50000000000000000 ) ) ;
#1263 = ADVANCED_FACE ( 'NONE', ( #1172 ), #1387, .T. ) ;
#1264 = PRESENTATION_STYLE_ASSIGNMENT (( #825 ) ) ;
#1265 =( NAMED_UNIT ( * ) SI_UNIT ( $, .STERADIAN. ) SOLID_ANGLE_UNIT ( ) );
#1266 = UNCERTAINTY_MEASURE_WITH_UNIT (LENGTH_MEASURE( 1.000000000000000082E-05 ), #247, 'distance_accuracy_value', 'NONE');
#1267 = CARTESIAN_POINT ( 'NONE',  ( 20.46057797615640439, 6.373112050953039009, 9.000000000000000000 ) ) ;
#1268 = CARTESIAN_POINT ( 'NONE',  ( -6.250000000000000000, -7.654042494670957606E-16, 41.99999999999999289 ) ) ;
#1269 = AXIS2_PLACEMENT_3D ( 'NONE', #1142, #289, #1244 ) ;
#1270 = AXIS2_PLACEMENT_3D ( 'NONE', #1235, #894, #1325 ) ;
#1271 = UNCERTAINTY_MEASURE_WITH_UNIT (LENGTH_MEASURE( 1.000000000000000082E-05 ), #545, 'distance_accuracy_value', 'NONE');
#1272 = CARTESIAN_POINT ( 'NONE',  ( 8.195970536856833633, 6.373112050953039009, 12.51213577848378655 ) ) ;
#1273 = PRESENTATION_STYLE_ASSIGNMENT (( #417 ) ) ;
#1274 = FILL_AREA_STYLE ('',( #189 ) ) ;
#1275 = ORIENTED_EDGE ( 'NONE', *, *, #759, .F. ) ;
#1276 = STYLED_ITEM ( 'NONE', ( #1086 ), #1112 ) ;
#1277 = VECTOR ( 'NONE', #715, 1000.000000000000227 ) ;
#1278 = DIRECTION ( 'NONE',  ( 1.000000000000000000, 0.0000000000000000000, 0.0000000000000000000 ) ) ;
#1279 = CARTESIAN_POINT ( 'NONE',  ( 0.0000000000000000000, 0.0000000000000000000, 41.99999999999999289 ) ) ;
#1280 = STYLED_ITEM ( 'NONE', ( #554 ), #953 ) ;
#1281 = EDGE_CURVE ( 'NONE', #689, #682, #954, .T. ) ;
#1282 = ORIENTED_EDGE ( 'NONE', *, *, #150, .F. ) ;
#1283 = SURFACE_STYLE_USAGE ( .BOTH. , #1076 ) ;
#1284 = DIRECTION ( 'NONE',  ( 0.0000000000000000000, 0.0000000000000000000, 1.000000000000000000 ) ) ;
#1285 = DIRECTION ( 'NONE',  ( 0.0000000000000000000, -0.0000000000000000000, 1.000000000000000000 ) ) ;
#1286 = EDGE_LOOP ( 'NONE', ( #1006, #1393, #381, #729 ) ) ;
#1287 = VECTOR ( 'NONE', #815, 1000.000000000000000 ) ;
#1288 =( LENGTH_UNIT ( ) NAMED_UNIT ( * ) SI_UNIT ( .MILLI., .METRE. ) );
#1289 =( NAMED_UNIT ( * ) PLANE_ANGLE_UNIT ( ) SI_UNIT ( $, .RADIAN. ) );
#1290 = PRESENTATION_STYLE_ASSIGNMENT (( #1167 ) ) ;
#1291 = CARTESIAN_POINT ( 'NONE',  ( 8.460577976156400837, -0.3731120509530370111, 8.999999999999998224 ) ) ;
#1292 = ORIENTED_EDGE ( 'NONE', *, *, #282, .T. ) ;
#1293 = ADVANCED_FACE ( 'NONE', ( #617 ), #194, .T. ) ;
#1294 = AXIS2_PLACEMENT_3D ( 'NONE', #1078, #337, #533 ) ;
#1295 = DIRECTION ( 'NONE',  ( -0.0000000000000000000, -1.360970482009174558E-16, 1.000000000000000000 ) ) ;
#1296 = EDGE_LOOP ( 'NONE', ( #268, #1039 ) ) ;
#1297 = SURFACE_STYLE_USAGE ( .BOTH. , #758 ) ;
#1298 = CYLINDRICAL_SURFACE ( 'NONE', #1061, 6.000000000000000000 ) ;
#1299 = COLOUR_RGB ( '',0.9960784313725490335, 0.9960784313725490335, 1.000000000000000000 ) ;
#1300 = DIRECTION ( 'NONE',  ( 1.000000000000000000, 0.0000000000000000000, 0.0000000000000000000 ) ) ;
#1301 = ORIENTED_EDGE ( 'NONE', *, *, #1281, .T. ) ;
#1302 = DIRECTION ( 'NONE',  ( -0.0000000000000000000, -0.0000000000000000000, -1.000000000000000000 ) ) ;
#1303 = SURFACE_STYLE_FILL_AREA ( #265 ) ;
#1304 = ORIENTED_EDGE ( 'NONE', *, *, #626, .F. ) ;
#1305 = DIRECTION ( 'NONE',  ( 1.000000000000000000, 0.0000000000000000000, 0.0000000000000000000 ) ) ;
#1306 = LINE ( 'NONE', #874, #306 ) ;
#1307 = EDGE_CURVE ( 'NONE', #1395, #314, #833, .T. ) ;
#1308 = PRODUCT_DEFINITION_CONTEXT ( 'detailed design', #216, 'design' ) ;
#1309 = VECTOR ( 'NONE', #666, 1000.000000000000000 ) ;
#1310 = ORIENTED_EDGE ( 'NONE', *, *, #686, .T. ) ;
#1311 = PRESENTATION_STYLE_ASSIGNMENT (( #959 ) ) ;
#1312 =( NAMED_UNIT ( * ) PLANE_ANGLE_UNIT ( ) SI_UNIT ( $, .RADIAN. ) );
#1313 = MECHANICAL_DESIGN_GEOMETRIC_PRESENTATION_REPRESENTATION (  '', ( #344 ), #1003 ) ;
#1314 =( NAMED_UNIT ( * ) SI_UNIT ( $, .STERADIAN. ) SOLID_ANGLE_UNIT ( ) );
#1315 = ADVANCED_FACE ( 'NONE', ( #1383 ), #1206, .T. ) ;
#1316 = ORIENTED_EDGE ( 'NONE', *, *, #2, .F. ) ;
#1317 =( GEOMETRIC_REPRESENTATION_CONTEXT ( 3 ) GLOBAL_UNCERTAINTY_ASSIGNED_CONTEXT ( ( #1062 ) ) GLOBAL_UNIT_ASSIGNED_CONTEXT ( ( #949, #1359, #1067 ) ) REPRESENTATION_CONTEXT ( 'NONE', 'WORKASPACE' ) );
#1318 = EDGE_LOOP ( 'NONE', ( #633, #1385 ) ) ;
#1319 = FILL_AREA_STYLE ('',( #647 ) ) ;
#1320 =( LENGTH_UNIT ( ) NAMED_UNIT ( * ) SI_UNIT ( .MILLI., .METRE. ) );
#1321 =( NAMED_UNIT ( * ) SI_UNIT ( $, .STERADIAN. ) SOLID_ANGLE_UNIT ( ) );
#1322 = DIRECTION ( 'NONE',  ( -0.0000000000000000000, -0.0000000000000000000, 1.000000000000000000 ) ) ;
#1323 = VERTEX_POINT ( 'NONE', #1092 ) ;
#1324 =( LENGTH_UNIT ( ) NAMED_UNIT ( * ) SI_UNIT ( .MILLI., .METRE. ) );
#1325 = DIRECTION ( 'NONE',  ( -1.000000000000000000, 0.0000000000000000000, 0.0000000000000000000 ) ) ;
#1326 = DIRECTION ( 'NONE',  ( 0.0000000000000000000, 0.0000000000000000000, -1.000000000000000000 ) ) ;
#1327 = EDGE_CURVE ( 'NONE', #1030, #1129, #1071, .T. ) ;
#1328 = ORIENTED_EDGE ( 'NONE', *, *, #564, .T. ) ;
#1329 = SURFACE_SIDE_STYLE ('',( #582 ) ) ;
#1330 = STYLED_ITEM ( 'NONE', ( #1356 ), #196 ) ;
#1331 = FILL_AREA_STYLE_COLOUR ( '', #1144 ) ;
#1332 = MECHANICAL_DESIGN_GEOMETRIC_PRESENTATION_REPRESENTATION (  '', ( #974 ), #125 ) ;
#1333 = DIRECTION ( 'NONE',  ( 0.0000000000000000000, 0.0000000000000000000, 1.000000000000000000 ) ) ;
#1334 = DIRECTION ( 'NONE',  ( -0.0000000000000000000, -0.0000000000000000000, 1.000000000000000000 ) ) ;
#1335 = PRESENTATION_LAYER_ASSIGNMENT (  '', '', ( #551 ) ) ;
#1336 = VERTEX_POINT ( 'NONE', #346 ) ;
#1337 = CARTESIAN_POINT ( 'NONE',  ( -6.250000000000000000, 0.0000000000000000000, 25.50000000000000000 ) ) ;
#1338 = EDGE_CURVE ( 'NONE', #155, #353, #1082, .T. ) ;
#1339 =( NAMED_UNIT ( * ) PLANE_ANGLE_UNIT ( ) SI_UNIT ( $, .RADIAN. ) );
#1340 = SURFACE_STYLE_USAGE ( .BOTH. , #495 ) ;
#1341 = LINE ( 'NONE', #917, #966 ) ;
#1342 =( NAMED_UNIT ( * ) SI_UNIT ( $, .STERADIAN. ) SOLID_ANGLE_UNIT ( ) );
#1343 = ORIENTED_EDGE ( 'NONE', *, *, #73, .F. ) ;
#1344 = ORIENTED_EDGE ( 'NONE', *, *, #979, .T. ) ;
#1345 = CARTESIAN_POINT ( 'NONE',  ( 16.48371943362516134, -6.025301980044186045, 3.057995210644370410 ) ) ;
#1346 = AXIS2_PLACEMENT_3D ( 'NONE', #799, #748, #1300 ) ;
#1347 = SURFACE_STYLE_FILL_AREA ( #83 ) ;
#1348 = FILL_AREA_STYLE_COLOUR ( '', #86 ) ;
#1349 = EDGE_CURVE ( 'NONE', #1377, #694, #1085, .T. ) ;
#1350 = AXIS2_PLACEMENT_3D ( 'NONE', #252, #782, #1219 ) ;
#1351 = CARTESIAN_POINT ( 'NONE',  ( 0.0000000000000000000, 0.0000000000000000000, 0.0000000000000000000 ) ) ;
#1352 = AXIS2_PLACEMENT_3D ( 'NONE', #536, #552, #1305 ) ;
#1353 = VERTEX_POINT ( 'NONE', #1186 ) ;
#1354 = CARTESIAN_POINT ( 'NONE',  ( 16.67139572762853561, -5.954422234621019605, 3.178565528136068075 ) ) ;
#1355 = DIRECTION ( 'NONE',  ( 0.0000000000000000000, 0.0000000000000000000, -1.000000000000000000 ) ) ;
#1356 = PRESENTATION_STYLE_ASSIGNMENT (( #1340 ) ) ;
#1357 = STYLED_ITEM ( 'NONE', ( #988 ), #1125 ) ;
#1358 = VECTOR ( 'NONE', #1198, 1000.000000000000000 ) ;
#1359 =( NAMED_UNIT ( * ) PLANE_ANGLE_UNIT ( ) SI_UNIT ( $, .RADIAN. ) );
#1360 = EDGE_CURVE ( 'NONE', #429, #809, #113, .T. ) ;
#1361 = DIRECTION ( 'NONE',  ( -0.0000000000000000000, -0.0000000000000000000, -1.000000000000000000 ) ) ;
#1362 = ORIENTED_EDGE ( 'NONE', *, *, #430, .F. ) ;
#1363 = VECTOR ( 'NONE', #509, 1000.000000000000000 ) ;
#1364 = EDGE_CURVE ( 'NONE', #801, #171, #651, .T. ) ;
#1365 = VERTEX_POINT ( 'NONE', #757 ) ;
#1366 = LINE ( 'NONE', #1262, #1363 ) ;
#1367 = FILL_AREA_STYLE ('',( #1255 ) ) ;
#1368 =( NAMED_UNIT ( * ) SI_UNIT ( $, .STERADIAN. ) SOLID_ANGLE_UNIT ( ) );
#1369 = DIRECTION ( 'NONE',  ( -0.0000000000000000000, -0.0000000000000000000, -1.000000000000000000 ) ) ;
#1370 = PRESENTATION_STYLE_ASSIGNMENT (( #1052 ) ) ;
#1371 = FILL_AREA_STYLE ('',( #938 ) ) ;
#1372 = PRESENTATION_LAYER_ASSIGNMENT (  '', '', ( #754 ) ) ;
#1373 = FACE_OUTER_BOUND ( 'NONE', #1318, .T. ) ;
#1374 = FACE_OUTER_BOUND ( 'NONE', #786, .T. ) ;
#1375 = DIRECTION ( 'NONE',  ( -0.0000000000000000000, -0.0000000000000000000, -1.000000000000000000 ) ) ;
#1376 = CARTESIAN_POINT ( 'NONE',  ( 0.0000000000000000000, 0.0000000000000000000, -115.9999999999999858 ) ) ;
#1377 = VERTEX_POINT ( 'NONE', #135 ) ;
#1378 = AXIS2_PLACEMENT_3D ( 'NONE', #387, #63, #1148 ) ;
#1379 =( GEOMETRIC_REPRESENTATION_CONTEXT ( 3 ) GLOBAL_UNCERTAINTY_ASSIGNED_CONTEXT ( ( #935 ) ) GLOBAL_UNIT_ASSIGNED_CONTEXT ( ( #991, #140, #1321 ) ) REPRESENTATION_CONTEXT ( 'NONE', 'WORKASPACE' ) );
#1380 = UNCERTAINTY_MEASURE_WITH_UNIT (LENGTH_MEASURE( 1.000000000000000082E-05 ), #1228, 'distance_accuracy_value', 'NONE');
#1381 = SURFACE_SIDE_STYLE ('',( #516 ) ) ;
#1382 = EDGE_CURVE ( 'NONE', #590, #314, #1104, .T. ) ;
#1383 = FACE_OUTER_BOUND ( 'NONE', #376, .T. ) ;
#1384 = DIRECTION ( 'NONE',  ( 1.000000000000000000, 0.0000000000000000000, -0.0000000000000000000 ) ) ;
#1385 = ORIENTED_EDGE ( 'NONE', *, *, #1168, .T. ) ;
#1386 = AXIS2_PLACEMENT_3D ( 'NONE', #96, #840, #1278 ) ;
#1387 = CONICAL_SURFACE ( 'NONE', #904, 6.250000000000000000, 0.02617993877991500046 ) ;
#1388 = PLANE ( 'NONE',  #1141 ) ;
#1389 =( NAMED_UNIT ( * ) PLANE_ANGLE_UNIT ( ) SI_UNIT ( $, .RADIAN. ) );
#1390 = AXIS2_PLACEMENT_3D ( 'NONE', #1015, #446, #566 ) ;
#1391 = ADVANCED_FACE ( 'NONE', ( #1396 ), #424, .F. ) ;
#1392 = CARTESIAN_POINT ( 'NONE',  ( 14.46057797615640261, 0.3731120509530387874, 0.0000000000000000000 ) ) ;
#1393 = ORIENTED_EDGE ( 'NONE', *, *, #854, .F. ) ;
#1394 = VECTOR ( 'NONE', #3, 1000.000000000000000 ) ;
#1395 = VERTEX_POINT ( 'NONE', #677 ) ;
#1396 = FACE_OUTER_BOUND ( 'NONE', #605, .T. ) ;
ENDSEC;
END-ISO-10303-21;
